f, RPR, RBV, F_last, Recl_last
74121,0.834493,0.873235,0.110803,334369
74121,0.834493,0.873235,0.110803,334369
74120.8,0.834493,0.873235,0.110803,334370
74118.8,0.834493,0.873235,0.110803,334381
74098.8,0.834493,0.873235,0.110803,334495
73901,0.834491,0.873232,0.110801,335629
72114.2,0.834466,0.873206,0.110786,347185
68160.2,0.834737,0.87349,0.109806,346993
35402,0.837233,0.876102,0.100472,345083
583126,0.87534,0.915978,0.0808198,709351
34333.1,0.839131,0.878088,0.0998461,352304
34994.4,0.868743,0.909075,0.0797986,445659
33925.6,0.851038,0.890547,0.0916766,385274
33214.2,0.867475,0.907748,0.0800347,431071
34861.5,0.903984,0.945952,0.0579632,528246
33049.8,0.876885,0.917595,0.0742747,451768
42172.2,0.906233,0.948305,0.0625913,473637
33047,0.877461,0.918197,0.074055,452137
33051.6,0.878149,0.918918,0.0737878,452219
33046.2,0.877651,0.918396,0.0739811,452160
33044.6,0.877662,0.918408,0.0739708,452164
33029.6,0.877774,0.918525,0.0738681,452202
32943.3,0.878885,0.919687,0.0728492,452591
32738.5,0.878923,0.919727,0.072724,452951
30790,0.879295,0.920116,0.0714839,456571
21009.9,0.88269,0.923669,0.0602223,494383
4489.7,0.886105,0.927242,0.0587306,542172
599857,0.964117,1.00888,0.0117433,621967
4246.33,0.888566,0.929818,0.0573452,543197
49478.7,0.920539,0.963276,0.0274144,542826
4245.09,0.888775,0.930036,0.0571285,543195
4267.63,0.889361,0.93065,0.056554,543147
4245.03,0.888804,0.930067,0.0570999,543193
4244.9,0.888805,0.930068,0.0571014,543193
4243.74,0.888816,0.930079,0.0571169,543195
4241.19,0.888821,0.930085,0.0571151,543202
4215.76,0.888877,0.930143,0.057097,543275
3978.34,0.889426,0.930718,0.0569163,544004
3471.85,0.889226,0.930509,0.0569388,545455
997.685,0.88717,0.928357,0.0571631,560080
164748,0.703806,0.736481,0.182295,578705
954.397,0.885787,0.92691,0.0580451,560325
4531.58,0.865272,0.905442,0.0709888,559899
953.887,0.885566,0.926679,0.0581821,560319
1012.49,0.884649,0.925719,0.0584685,560290
953.883,0.885559,0.926671,0.0581845,560319
953.877,0.885561,0.926674,0.0581853,560318
953.864,0.885562,0.926674,0.0581852,560316
953.747,0.885567,0.926679,0.0581835,560301
953.489,0.885564,0.926677,0.0581841,560275
950.936,0.885539,0.926651,0.0581908,560009
928.649,0.885292,0.926392,0.0582574,557364
890.404,0.884743,0.925818,0.0587804,551838
13393.5,0.874563,0.915165,0.0472319,543233
890.289,0.884726,0.925799,0.0587419,551812
913.801,0.884761,0.925836,0.0579065,551780
890.289,0.884726,0.925799,0.0587378,551812
890.287,0.884726,0.9258,0.058738,551812
890.277,0.884731,0.925805,0.0587404,551807
890.255,0.884729,0.925803,0.0587405,551798
890.029,0.884715,0.925788,0.0587419,551707
887.842,0.884567,0.925634,0.0587561,550795
873.009,0.883083,0.924081,0.0588978,541757
853.955,0.880294,0.921161,0.0612815,526419
13784.7,0.854601,0.894276,0.0976093,508233
853.927,0.880264,0.921131,0.0613226,526392
862.958,0.879114,0.919927,0.0599202,526361
853.927,0.880261,0.921127,0.0613182,526392
853.927,0.880261,0.921127,0.0613181,526392
853.925,0.88026,0.921126,0.0613175,526389
853.91,0.880253,0.921119,0.0613111,526364
853.876,0.880242,0.921107,0.0613169,526313
853.537,0.880132,0.920992,0.0613744,525801
850.293,0.879026,0.919835,0.0619534,520713
832.106,0.867452,0.907724,0.0680647,472445
855.985,0.849757,0.889208,0.0760494,417149
824.995,0.861904,0.901918,0.0705721,453632
34750.2,0.827307,0.865715,0.0628438,437017
824.994,0.861899,0.901913,0.0705705,453629
824.991,0.861898,0.901912,0.0705713,453625
824.963,0.861885,0.901898,0.0705786,453587
824.756,0.861755,0.901762,0.0706517,453210
824.281,0.861557,0.901555,0.0707654,452576
819.607,0.859571,0.899477,0.0719124,446278
784.505,0.838305,0.877223,0.0844897,387902
756.913,0.81149,0.849163,0.102005,336585
752.514,0.820661,0.858761,0.096404,355974
748.095,0.815045,0.852884,0.0996852,344616
745.055,0.805601,0.843001,0.105436,327719
743.333,0.802108,0.839346,0.107562,322120
742.229,0.798015,0.835063,0.110178,316021
742.148,0.795784,0.832729,0.11162,312711
742.143,0.795729,0.832671,0.111648,312671
742.143,0.795665,0.832603,0.11169,312564
742.143,0.795663,0.832602,0.11169,312562
742.143,0.795663,0.832602,0.11169,312562
742.143,0.795663,0.832602,0.11169,312562
742.143,0.795663,0.832602,0.11169,312562
742.143,0.795663,0.832602,0.11169,312562
742.143,0.795663,0.832602,0.11169,312562
742.143,0.795663,0.832602,0.11169,312562
742.123,0.79566,0.8326,0.11169,312562
741.928,0.795628,0.832579,0.11169,312555
740.459,0.795303,0.832365,0.11169,312484
738.914,0.794945,0.832184,0.111687,311187
736.228,0.794139,0.830818,0.1117,310033
731.158,0.792926,0.82977,0.111801,308381
721.936,0.791301,0.827123,0.112043,305812
707.925,0.787176,0.82645,0.112631,300843
708.368,0.785106,0.813072,0.113344,294684
700.854,0.786141,0.819743,0.112986,297756
699.323,0.786432,0.823797,0.113587,296015
696.758,0.787086,0.826035,0.113797,296075
693.102,0.787842,0.823142,0.114172,295287
687.24,0.789482,0.826048,0.115065,295975
688.433,0.793766,0.830558,0.116659,297225
684.555,0.791429,0.82806,0.11579,296545
683.911,0.792688,0.830164,0.116578,295204
682.947,0.79256,0.830145,0.116778,294032
681.295,0.792545,0.830486,0.117121,291988
678.446,0.792439,0.832377,0.117785,288227
674.373,0.79256,0.835583,0.118955,281688
672.976,0.791704,0.834874,0.120698,271004
672.088,0.791725,0.838411,0.121699,267713
670.547,0.79201,0.839259,0.122336,265119
667.895,0.792245,0.840493,0.123385,259825
665.884,0.793177,0.844826,0.125786,252347
662.914,0.79201,0.844062,0.127313,244709
658.109,0.790667,0.845232,0.129333,233473
662.271,0.789093,0.84596,0.132795,219863
656.42,0.790122,0.845479,0.130537,228605
653.679,0.789153,0.844738,0.131388,224924
648.816,0.787904,0.84378,0.132739,219925
647.646,0.784293,0.838891,0.134933,212326
645.524,0.783514,0.837309,0.135675,212026
641.876,0.781556,0.833445,0.136193,209837
646.167,0.778722,0.828435,0.138059,212247
640.725,0.780666,0.83182,0.136779,210594
638.762,0.780538,0.830243,0.136996,213735
636.039,0.779855,0.827298,0.137198,219194
636.155,0.77848,0.822952,0.137345,230055
634.756,0.779231,0.825314,0.137264,224063
632.405,0.778082,0.822499,0.13738,229370
630.087,0.776406,0.819605,0.137464,237996
630.541,0.774368,0.820469,0.137605,244488
628.874,0.775647,0.819909,0.137517,240414
627.197,0.775366,0.821777,0.137556,242217
624.424,0.774509,0.82583,0.137571,244275
619.415,0.772585,0.834159,0.138068,243837
614.529,0.772666,0.856386,0.139392,241764
608.862,0.77284,0.880481,0.14049,238445
612.936,0.765061,0.899475,0.142532,234575
606.667,0.769921,0.887573,0.141259,236974
609.847,0.767059,0.89463,0.141944,235959
606.03,0.76911,0.889569,0.141453,236685
605.11,0.769084,0.89187,0.14148,237866
603.656,0.76893,0.899053,0.141197,238859
601.212,0.769308,0.912763,0.140558,238506
598.434,0.769659,0.93346,0.138691,243063
619.947,0.770497,0.969236,0.134304,254758
597.707,0.769852,0.943061,0.1374,246410
597.134,0.771885,0.965735,0.136296,244231
596.311,0.773423,0.983898,0.135741,239927
595.599,0.773272,0.997985,0.135091,239703
595.764,0.770172,0.996603,0.137285,233632
595.303,0.771895,0.997352,0.136069,236966
594.909,0.768744,0.9865,0.13887,230272
594.373,0.763053,0.962805,0.144202,220340
593.849,0.753142,0.922066,0.152503,210614
593.526,0.745148,0.894107,0.161599,191338
593.181,0.740898,0.879513,0.167108,180088
592.732,0.737971,0.869569,0.16976,176825
592.26,0.734115,0.853451,0.171545,180093
591.502,0.73342,0.851757,0.171904,180600
590.597,0.735533,0.865331,0.169927,180984
590.158,0.736001,0.871999,0.165559,189900
589.642,0.738862,0.893318,0.163914,182166
588.625,0.738117,0.895249,0.163836,181927
588.115,0.735865,0.902223,0.166457,164354
588.557,0.73015,0.880189,0.172983,152107
587.966,0.733844,0.894347,0.168729,159929
587.964,0.732304,0.887357,0.169037,163320
587.882,0.733113,0.891008,0.168875,161530
587.738,0.733183,0.891791,0.16869,162085
586.66,0.733875,0.899756,0.166851,167744
584.494,0.733603,0.903364,0.167988,164198
583.871,0.738426,0.925776,0.164724,163349
582.955,0.73657,0.917006,0.165977,163676
580.073,0.739626,0.933534,0.162951,167804
574.604,0.74383,0.950741,0.159821,171852
553.032,0.781888,1.1323,0.133806,213699
568.971,0.786485,1.18168,0.127881,207948
542.631,0.783151,1.15157,0.131188,211175
530.793,0.776833,1.12644,0.141706,183106
529.952,0.771255,1.07211,0.154181,149049
525.61,0.773799,1.09595,0.148371,163694
519.717,0.758116,1.04974,0.168582,134704
512.979,0.74903,1.01229,0.17431,136014
510.961,0.724624,0.933466,0.201074,109373
508.449,0.734408,0.963822,0.190144,119127
503.848,0.725915,0.945666,0.200575,109206
500.219,0.722366,0.951158,0.207292,101266
498.122,0.725727,0.961001,0.205378,102934
495.644,0.725622,0.965949,0.202567,106335
495.788,0.730942,0.991588,0.200823,104552
494.387,0.728267,0.978523,0.201698,105445
492.778,0.728238,0.992849,0.201509,104157
490.579,0.729309,1.00866,0.199723,105769
488.228,0.727187,1.01608,0.2016,103476
487.616,0.726966,1.02591,0.204107,99334.5
486.712,0.726989,1.02164,0.203088,100992
485.029,0.726992,1.03728,0.205967,97373.8
483.975,0.72399,1.03406,0.209595,91666.9
482.664,0.723363,1.03934,0.210514,88462
482.173,0.720632,1.03596,0.214682,81628.4
481.385,0.722319,1.04499,0.213117,81884.8
480.36,0.725594,1.06702,0.20944,82907.4
479.671,0.729496,1.08574,0.206312,82467.9
479.098,0.730343,1.09172,0.205567,80883.5
478.395,0.732183,1.10574,0.204019,80135
477.316,0.733273,1.11546,0.203106,78557
476.429,0.736103,1.13885,0.201817,75313.4
475.643,0.734966,1.13136,0.202698,74577.1
474.937,0.732811,1.12486,0.205591,72964.1
474.296,0.731962,1.11714,0.207502,71436
473.786,0.72953,1.10529,0.210551,69364.3
473.218,0.728451,1.10549,0.212499,68839
473.033,0.725545,1.1017,0.215463,67978.3
472.712,0.725538,1.10095,0.215275,68258.7
472.284,0.725274,1.10044,0.216034,68282.2
471.867,0.725637,1.10831,0.216081,68425.2
471.493,0.725616,1.10575,0.21461,70306.1
471.286,0.726448,1.11122,0.212771,72526.5
470.97,0.726792,1.11411,0.211845,74020.6
470.645,0.726088,1.11542,0.211477,75665.3
470.462,0.726039,1.11438,0.210969,77703.8
470.318,0.725999,1.11442,0.210455,78633
470.133,0.725467,1.1097,0.210325,79376.4
469.923,0.724045,1.10129,0.211672,78730.2
469.912,0.721714,1.08731,0.213819,77542.3
469.806,0.722798,1.09373,0.21282,78091.5
469.635,0.722355,1.09063,0.213675,76703.8
469.46,0.722504,1.08962,0.214386,74689.4
469.323,0.722499,1.08933,0.214687,73403.4
469.191,0.723224,1.09398,0.214509,71093.4
469.096,0.724174,1.09856,0.21387,69963.4
468.99,0.724772,1.1013,0.213193,69678.1
468.888,0.725115,1.10391,0.212679,69757.5
468.74,0.725359,1.10695,0.211896,70454.2
468.602,0.725168,1.10841,0.211329,71632.8
468.477,0.725005,1.10951,0.210639,73012.4
468.325,0.723943,1.10514,0.210587,74951.9
468.261,0.724088,1.10469,0.209838,75838.5
468.208,0.723838,1.10125,0.209679,76165
468.131,0.723849,1.09825,0.209282,77037.7
468.024,0.724593,1.09736,0.207767,78281.7
467.933,0.72509,1.09597,0.207168,78276
467.871,0.725307,1.09792,0.207052,77913.8
467.774,0.72569,1.10312,0.206977,77020.5
467.654,0.726212,1.11292,0.207318,74798.2
467.574,0.726916,1.11988,0.207084,73435.2
467.48,0.727322,1.12815,0.206946,72152.2
467.393,0.727151,1.12675,0.207125,71605.2
467.326,0.726438,1.12064,0.206957,72731.2
467.287,0.72567,1.11375,0.206994,74073.4
467.243,0.723842,1.10062,0.207801,76093.3
467.201,0.722113,1.08932,0.208334,77974
467.164,0.721015,1.08411,0.208794,78731.9
467.14,0.720916,1.08394,0.208501,79088.2
467.11,0.721401,1.08806,0.207963,78554.1
467.075,0.722206,1.09347,0.20728,78124.7
467.046,0.722552,1.09677,0.207308,77229.2
467.023,0.722667,1.09812,0.207686,76281.5
466.988,0.722616,1.09871,0.208173,75460
466.945,0.722917,1.10091,0.208221,74811
466.921,0.723199,1.10271,0.207782,74923.3
466.895,0.723638,1.10438,0.206741,75671.1
466.88,0.723985,1.10615,0.205953,76171.5
466.868,0.724052,1.10605,0.205578,76506.5
466.857,0.723992,1.10508,0.205369,76739.4
466.845,0.724087,1.10487,0.205338,76620.8
466.833,0.724087,1.10435,0.205514,76268.5
466.823,0.724145,1.10355,0.205601,76076.4
466.817,0.724154,1.10374,0.205655,75963.3
466.809,0.724004,1.10277,0.205718,76007.9
466.797,0.723724,1.10151,0.20583,76103.1
466.782,0.723212,1.09973,0.206063,76157.5
466.772,0.722943,1.09936,0.206171,76147.6
466.762,0.722791,1.09995,0.206207,76050.1
466.756,0.722791,1.10061,0.206135,76027.5
466.75,0.722855,1.10133,0.206037,75961.1
466.743,0.722886,1.10115,0.205944,75992.2
466.737,0.72291,1.10063,0.205934,75936.4
466.731,0.722912,1.09951,0.205934,75934.6
466.724,0.722932,1.09861,0.206052,75768.8
466.719,0.723031,1.09872,0.206065,75638.5
466.716,0.72313,1.09936,0.206079,75478.7
466.712,0.723339,1.10089,0.205909,75395.5
466.707,0.723514,1.10234,0.205702,75397.1
466.702,0.723713,1.10379,0.205372,75574.3
466.699,0.723664,1.10347,0.20529,75761.6
466.697,0.723586,1.10289,0.205284,75904.7
466.695,0.723413,1.10168,0.205401,75982.8
466.692,0.723244,1.1005,0.205576,75983.1
466.689,0.723197,1.10005,0.205695,75861.1
466.687,0.723277,1.10052,0.205725,75694.1
466.685,0.723436,1.10147,0.205626,75575.2
466.684,0.723578,1.10238,0.205532,75466.6
466.681,0.723718,1.10326,0.205393,75393.1
466.676,0.723758,1.1036,0.205299,75374.6
466.672,0.723599,1.1027,0.205312,75495.1
466.669,0.723362,1.10142,0.205459,75642.2
466.668,0.723105,1.09986,0.20565,75815.5
466.666,0.722971,1.09927,0.205796,75892.2
466.664,0.72294,1.09913,0.205876,75971.1
466.661,0.723068,1.10016,0.205859,75953
466.657,0.723341,1.10212,0.205719,75902.9
466.653,0.72367,1.1047,0.205547,75726.7
466.647,0.72392,1.10702,0.205439,75557.6
466.642,0.723935,1.10793,0.205502,75379.6
466.639,0.723758,1.10735,0.205697,75372.8
466.638,0.723611,1.10655,0.205805,75404.5
466.636,0.723525,1.10575,0.205892,75469.2
466.635,0.723566,1.10568,0.205864,75536.7
466.633,0.72369,1.10603,0.205799,75584.1
466.63,0.723872,1.10686,0.205695,75637.8
466.626,0.724019,1.10763,0.20566,75689.3
466.621,0.724036,1.10808,0.205766,75718
466.618,0.723815,1.10735,0.206045,75719.9
466.617,0.723624,1.10689,0.206259,75687.4
466.616,0.723452,1.106,0.206409,75696.6
466.615,0.723304,1.10535,0.206556,75688.2
466.613,0.72318,1.10475,0.206701,75678.8
466.609,0.723066,1.10415,0.206867,75679.7
466.605,0.723039,1.10382,0.207019,75701.8
466.603,0.723159,1.10414,0.206935,75746.6
466.601,0.723396,1.10526,0.206731,75844.8
466.6,0.723588,1.10628,0.206549,75886.3
466.6,0.723594,1.10649,0.206552,75889.2
466.598,0.723587,1.10677,0.206585,75877.4
466.596,0.723554,1.10715,0.206658,75841.8
466.593,0.72349,1.10763,0.206785,75776.1
466.59,0.723447,1.10778,0.206852,75735.8
466.586,0.723496,1.10823,0.206891,75777.7
466.583,0.723535,1.10767,0.206807,75883.4
466.582,0.723594,1.10786,0.206778,75972.7
466.58,0.723654,1.10785,0.206699,76102.1
466.577,0.723689,1.10743,0.206563,76241.6
466.576,0.723676,1.10717,0.206498,76248.9
466.574,0.72367,1.10709,0.206436,76145.3
466.573,0.723659,1.10728,0.206415,75998.9
466.571,0.72364,1.10747,0.206428,75866.7
466.568,0.723599,1.10782,0.206494,75789
466.565,0.723582,1.1082,0.206576,75852
466.564,0.723589,1.10847,0.206614,75980.9
466.563,0.723615,1.10865,0.206626,76109.4
466.562,0.723637,1.10885,0.206618,76165.4
466.562,0.723661,1.10932,0.206612,76174.7
466.56,0.723681,1.10979,0.206604,76156.4
466.558,0.723684,1.11031,0.206603,76096.3
466.554,0.723664,1.11073,0.206606,75991.3
466.551,0.723594,1.11053,0.206629,75884.7
466.55,0.723538,1.10996,0.206668,75883.7
466.549,0.723488,1.10903,0.206684,75904.2
466.548,0.72348,1.10888,0.206704,75937.6
466.547,0.72349,1.10881,0.2067,75969
466.546,0.723502,1.10869,0.20668,76000
466.544,0.723521,1.10853,0.206636,76028.5
466.541,0.723551,1.10837,0.206553,76047.4
466.536,0.723592,1.10827,0.206423,76029.5
466.532,0.723623,1.10829,0.206326,75961.9
466.528,0.723655,1.10846,0.206253,75865.5
466.524,0.723674,1.10877,0.206249,75810.9
466.52,0.723677,1.10899,0.206302,75796.6
466.519,0.723701,1.10945,0.206355,75836.8
466.518,0.723707,1.1094,0.206371,75855.8
466.517,0.723717,1.10951,0.206401,75872.2
466.516,0.723749,1.10973,0.20642,75895.6
466.513,0.723787,1.10992,0.206432,75919.4
466.51,0.723829,1.10984,0.20642,75936.9
466.508,0.723819,1.10932,0.206459,75925.3
466.505,0.723797,1.1089,0.206464,75906.3
466.502,0.72375,1.10763,0.206517,75822.4
466.5,0.723704,1.10653,0.206594,75741
466.498,0.723691,1.10575,0.206635,75651.2
466.496,0.723678,1.10473,0.206697,75604.4
466.492,0.723677,1.10381,0.206699,75585.1
466.488,0.723702,1.10291,0.20664,75680.6
466.486,0.723678,1.10273,0.206537,75806.6
466.485,0.723676,1.10293,0.206509,75825.2
466.484,0.723678,1.10329,0.206433,75889.4
466.484,0.723668,1.10329,0.206408,75884
466.483,0.723654,1.10326,0.206386,75865.7
466.482,0.723646,1.1032,0.20635,75834.6
466.481,0.723641,1.10307,0.206294,75798.7
466.479,0.723672,1.10293,0.206182,75769
466.477,0.723708,1.10293,0.206116,75815.2
466.476,0.723791,1.10308,0.206052,75889.6
466.476,0.723835,1.10328,0.206047,76015.8
466.476,0.723838,1.10322,0.206055,76018
466.476,0.723831,1.10319,0.20607,76018.6
466.476,0.723816,1.10315,0.206093,76023.2
466.475,0.723799,1.10312,0.206117,76022.6
466.475,0.723782,1.10311,0.206132,76015.2
466.475,0.723769,1.10313,0.206132,75994.9
466.474,0.72376,1.10317,0.206104,75962.3
466.473,0.723761,1.10323,0.206055,75935.3
466.473,0.723765,1.10323,0.206016,75937
466.473,0.723766,1.10321,0.206002,75950.6
466.473,0.723765,1.10318,0.205996,75969.3
466.473,0.72376,1.10314,0.205995,75989.6
466.473,0.723749,1.10307,0.205995,76015.5
466.472,0.723726,1.10296,0.206001,76043.3
466.472,0.723683,1.10276,0.206016,76074.4
466.471,0.723641,1.10263,0.206037,76071.6
466.471,0.723625,1.10252,0.206037,76066.9
466.471,0.723623,1.10253,0.206041,76048.9
466.471,0.723629,1.10254,0.206033,76035.4
466.471,0.723637,1.10254,0.206016,76021.8
466.47,0.723647,1.10251,0.205987,76010.1
466.47,0.723656,1.10244,0.20594,76005.6
466.469,0.723665,1.10235,0.205861,76019
466.469,0.723677,1.10237,0.205781,76054.8
466.468,0.723664,1.10238,0.205741,76088.4
466.468,0.723648,1.10252,0.205718,76137.6
466.468,0.723646,1.10253,0.205675,76158.3
466.467,0.723654,1.10259,0.205665,76154.2
466.467,0.723671,1.10271,0.205659,76142.9
466.467,0.723692,1.10289,0.20565,76123.4
466.466,0.723703,1.10299,0.205664,76108
466.466,0.72371,1.10311,0.205691,76091.7
466.466,0.723708,1.10319,0.20575,76074.3
466.466,0.723704,1.10321,0.205774,76074.4
466.466,0.723696,1.1032,0.2058,76080.1
466.466,0.723697,1.10322,0.2058,76083.3
466.465,0.723701,1.10324,0.205802,76075.7
466.465,0.723708,1.10325,0.205817,76051.4
466.465,0.72371,1.10324,0.205856,76008.4
466.464,0.723698,1.10313,0.205928,75944.6
466.463,0.72367,1.10294,0.205993,75901.9
466.463,0.72364,1.10274,0.206014,75900.4
466.462,0.723622,1.10262,0.206012,75912.5
466.463,0.72359,1.10241,0.205958,75944.1
466.462,0.723614,1.10257,0.205999,75920.1
466.462,0.723613,1.10255,0.205988,75920.7
466.462,0.723613,1.10255,0.205969,75912.9
466.462,0.723613,1.10255,0.205961,75904.1
466.462,0.723613,1.10256,0.205954,75894.2
466.462,0.723613,1.10256,0.205946,75885.4
466.462,0.723615,1.10257,0.205937,75877.6
466.462,0.723616,1.10257,0.205924,75872.6
466.461,0.723624,1.10261,0.205907,75873.1
466.461,0.723636,1.10267,0.205901,75887.6
466.461,0.723654,1.10274,0.205911,75926.2
466.46,0.723662,1.10279,0.205932,75949.7
466.46,0.723665,1.1028,0.205947,75959.6
466.46,0.723666,1.10281,0.205956,75959.3
466.46,0.723669,1.10283,0.205963,75955.9
466.46,0.723674,1.10286,0.205969,75950.4
466.46,0.723682,1.10292,0.205972,75942
466.46,0.723693,1.10298,0.205975,75933.2
466.459,0.723701,1.10305,0.205982,75926.6
466.459,0.723701,1.10307,0.206,75929.4
466.459,0.723691,1.10302,0.206028,75936.1
466.458,0.723678,1.10294,0.206052,75939.1
466.458,0.723671,1.10288,0.20606,75933.2
466.458,0.723671,1.10287,0.206065,75930.5
466.458,0.723671,1.10287,0.206063,75927.5
466.458,0.723673,1.10287,0.206061,75923.8
466.458,0.723675,1.10288,0.206058,75923.5
466.458,0.723677,1.10289,0.206053,75924
466.458,0.723679,1.10291,0.206043,75926.6
466.458,0.723681,1.10292,0.20603,75931.2
466.458,0.723683,1.10295,0.206012,75940.9
466.458,0.723687,1.10299,0.205983,75958
466.457,0.723694,1.10307,0.205945,75992.6
466.457,0.723696,1.10311,0.205929,76007
466.457,0.723695,1.1031,0.205936,76002.1
466.457,0.723696,1.10309,0.205951,76000.9
466.457,0.723697,1.10308,0.205972,75994.1
466.457,0.723699,1.1031,0.205989,75997
466.457,0.7237,1.10311,0.20599,76000.1
466.457,0.7237,1.10314,0.205977,76005.1
466.457,0.723699,1.10314,0.205965,76006
466.457,0.723698,1.10314,0.205963,76004.2
466.457,0.723697,1.10315,0.20596,76003
466.457,0.723696,1.10315,0.205963,75999.1
466.457,0.723694,1.10316,0.205971,75993.9
466.457,0.723692,1.10317,0.20599,75985.2
466.457,0.723691,1.10321,0.206028,75973.9
466.457,0.723692,1.10324,0.206053,75971.5
466.457,0.723692,1.10323,0.206053,75973.1
466.456,0.723693,1.10323,0.206061,75976.4
466.456,0.723694,1.10323,0.206065,75977.5
466.456,0.723695,1.10324,0.206069,75978.1
466.456,0.723695,1.10324,0.206072,75978.3
466.456,0.723696,1.10325,0.206075,75978.2
466.456,0.723696,1.10325,0.206076,75977.7
466.456,0.723696,1.10325,0.206076,75976.7
466.456,0.723696,1.10324,0.206072,75975.2
466.456,0.723695,1.10322,0.206063,75973.1
466.456,0.723694,1.10317,0.206049,75971.1
466.456,0.723693,1.10312,0.206035,75969.7
466.456,0.723691,1.1031,0.20603,75969.2
466.456,0.72369,1.10307,0.206024,75968.4
466.456,0.723688,1.10305,0.206018,75967.3
466.456,0.723686,1.10301,0.206011,75965.6
466.456,0.723684,1.10298,0.206002,75963.5
466.456,0.723681,1.10293,0.205988,75959.7
466.456,0.723682,1.10293,0.205976,75958.7
466.456,0.723682,1.10293,0.205982,75959.2
466.456,0.723686,1.10295,0.205981,75961.2
466.455,0.723695,1.10304,0.206,75970
466.455,0.723705,1.10311,0.206018,75976
466.455,0.723706,1.10316,0.206036,75980.6
466.455,0.723704,1.10317,0.206048,75980.9
466.455,0.7237,1.10317,0.206054,75978.7
466.455,0.723699,1.10316,0.206044,75975
466.455,0.723698,1.10315,0.206039,75974.7
466.455,0.723698,1.10314,0.206032,75974.5
466.455,0.723699,1.10313,0.206027,75975.1
466.455,0.7237,1.10313,0.206028,75975.5
466.455,0.723699,1.10314,0.206032,75976.2
466.455,0.723704,1.10314,0.206033,75975
466.455,0.7237,1.10314,0.206032,75975.8
466.455,0.723699,1.10314,0.206032,75975.1
466.455,0.723697,1.10313,0.206031,75974.4
466.455,0.723698,1.10313,0.20603,75974.1
466.455,0.723698,1.10313,0.20603,75974.1
466.455,0.723697,1.10313,0.206029,75974
466.455,0.723698,1.10313,0.206028,75974.1
466.455,0.723698,1.10313,0.206029,75974.3
466.455,0.723698,1.10313,0.206029,75974.4
466.455,0.723698,1.10313,0.20603,75974.5
466.455,0.723697,1.10313,0.20603,75974.6
466.455,0.723698,1.10313,0.206031,75974.6
466.455,0.723698,1.10313,0.206031,75974.6
466.455,0.723697,1.10313,0.20603,75974.4
466.455,0.723697,1.10313,0.206029,75974
466.455,0.723697,1.10313,0.206029,75974.2
466.455,0.723697,1.10313,0.206029,75974.1
466.455,0.723697,1.10313,0.206029,75974.1
466.455,0.723697,1.10313,0.206029,75974.1
466.455,0.723697,1.10313,0.206029,75974.1
466.455,0.723697,1.10313,0.206029,75974.1
466.455,0.723697,1.10313,0.206029,75974.1
466.455,0.723697,1.10313,0.206029,75974.1
466.455,0.723697,1.10313,0.206029,75974.1
466.455,0.723697,1.10313,0.206029,75974.1
466.455,0.723697,1.10313,0.206029,75974.1
466.455,0.723697,1.10313,0.206029,75974.1
466.455,0.723697,1.10313,0.206029,75974.1
466.455,0.723697,1.10313,0.206029,75974.1
466.455,0.723697,1.10313,0.206029,75974.1
466.455,0.723697,1.10313,0.206029,75974.2
466.455,0.723697,1.10313,0.206029,75974.2
466.455,0.723697,1.10313,0.20603,75974.3
466.455,0.723697,1.10313,0.20603,75974.3
466.455,0.723697,1.10313,0.20603,75974.4
466.455,0.723698,1.10314,0.206031,75974.5
466.455,0.723698,1.10314,0.206032,75974.6
466.455,0.723698,1.10314,0.206032,75974.7
466.455,0.723698,1.10314,0.206032,75974.7
466.455,0.723698,1.10313,0.20603,75974.5
466.455,0.723697,1.10313,0.206029,75974.3
466.455,0.723697,1.10312,0.206028,75974.1
466.455,0.723697,1.10312,0.206028,75974
466.455,0.723697,1.10312,0.206028,75974
466.455,0.723697,1.10313,0.206029,75974.1
466.455,0.723697,1.10313,0.206029,75974.3
466.455,0.723698,1.10313,0.20603,75974.4
466.455,0.723697,1.10313,0.20603,75974.3
466.455,0.723697,1.10313,0.20603,75974.3
466.455,0.723697,1.10313,0.206029,75974.2
466.455,0.723697,1.10313,0.206029,75974.2
466.455,0.723697,1.10313,0.206028,75974.1
466.455,0.723697,1.10313,0.206028,75974.1
466.455,0.723697,1.10313,0.206028,75974.1
466.455,0.723697,1.10313,0.206029,75974.1
466.455,0.723697,1.10313,0.206029,75974.2
466.455,0.723697,1.10313,0.206029,75974.2
466.455,0.723697,1.10313,0.206029,75974.2
466.455,0.723697,1.10313,0.206029,75974.2
466.455,0.723697,1.10313,0.206029,75974.2
466.455,0.723697,1.10313,0.206029,75974.2
466.455,0.723697,1.10313,0.206029,75974.1
466.455,0.723697,1.10313,0.206029,75974.1
466.455,0.723697,1.10313,0.206029,75974.1
466.455,0.723697,1.10313,0.206029,75974.1
466.455,0.723697,1.10312,0.206028,75974
466.455,0.723697,1.10312,0.206028,75973.9
466.455,0.723697,1.10312,0.206028,75973.9
466.455,0.723697,1.10312,0.206029,75973.9
466.455,0.723697,1.10312,0.206029,75974
466.455,0.723698,1.10313,0.206029,75974.2
466.455,0.723697,1.10313,0.206029,75974.1
466.455,0.723697,1.10313,0.206029,75974.2
466.455,0.723697,1.10313,0.206029,75974.3
466.455,0.723697,1.10313,0.206029,75974.4
466.455,0.723697,1.10313,0.206029,75974.3
466.455,0.723697,1.10313,0.206029,75974.3
466.455,0.723697,1.10313,0.206029,75974.3
466.455,0.723697,1.10313,0.206029,75974.3
466.455,0.723697,1.10313,0.206029,75974.3
466.455,0.723697,1.10313,0.206029,75974.2
466.455,0.723697,1.10313,0.206029,75974.2
466.455,0.723697,1.10313,0.206029,75974.2
466.455,0.723697,1.10313,0.206029,75974.1
466.455,0.723697,1.10313,0.206029,75974.1
466.455,0.723697,1.10313,0.206029,75974.1
466.455,0.723698,1.10312,0.206028,75973.7
466.455,0.723697,1.10312,0.206028,75974
466.455,0.723697,1.10312,0.206029,75974
466.455,0.723697,1.10313,0.206029,75974.1
466.455,0.723697,1.10313,0.206029,75974.1
466.455,0.723697,1.10313,0.206029,75974.2
466.455,0.723697,1.10313,0.206029,75974.3
466.455,0.723697,1.10313,0.206029,75974.3
466.455,0.723697,1.10313,0.206029,75974.3
466.455,0.723697,1.10313,0.206029,75974.2
466.455,0.723697,1.10313,0.206029,75974.1
466.455,0.723697,1.10313,0.206029,75974.1
466.455,0.723697,1.10313,0.206029,75974.1
466.455,0.723697,1.10313,0.206029,75974.1
466.455,0.723697,1.10313,0.206029,75974.2
466.455,0.723697,1.10313,0.206029,75974.2
466.455,0.723697,1.10313,0.206029,75974.2
466.455,0.723697,1.10313,0.206029,75974.2
466.455,0.723697,1.10313,0.206029,75974.2
466.455,0.723697,1.10313,0.206029,75974.2
466.455,0.723697,1.10313,0.206029,75974.2
466.455,0.723697,1.10313,0.206029,75974.2
466.455,0.723697,1.10313,0.206029,75974.2
466.455,0.723697,1.10313,0.206029,75974.2
466.455,0.723697,1.10313,0.206029,75974.2
466.455,0.723697,1.10313,0.206029,75974.2
466.455,0.723697,1.10313,0.206029,75974.2
466.455,0.723697,1.10313,0.206029,75974.2
466.455,0.723697,1.10313,0.206029,75974.2
466.455,0.723697,1.10313,0.206029,75974.2
466.455,0.723697,1.10313,0.206029,75974.2
466.455,0.723697,1.10313,0.206029,75974.2
466.455,0.723697,1.10313,0.206029,75974.2
466.455,0.723697,1.10313,0.206029,75974.2
466.455,0.723697,1.10313,0.206029,75974.2
466.455,0.723697,1.10313,0.206029,75974.2
466.455,0.723697,1.10313,0.206029,75974.2
466.455,0.723697,1.10313,0.206029,75974.2
466.455,0.723697,1.10313,0.206029,75974.2
466.455,0.723697,1.10313,0.206029,75974.2
466.455,0.723697,1.10313,0.206029,75974.2
466.455,0.723697,1.10313,0.206029,75974.2
466.455,0.723697,1.10313,0.206029,75974.2
466.455,0.723697,1.10313,0.206029,75974.2
466.455,0.723697,1.10313,0.206029,75974.2
466.455,0.723697,1.10313,0.206029,75974.2
466.455,0.723697,1.10313,0.206029,75974.2
466.455,0.723697,1.10313,0.206029,75974.2
466.455,0.723697,1.10313,0.206029,75974.2
466.455,0.723697,1.10313,0.206029,75974.2
466.455,0.723697,1.10313,0.206029,75974.2
466.455,0.723697,1.10313,0.206029,75974.2
466.455,0.723697,1.10313,0.206029,75974.2
466.455,0.723697,1.10313,0.206029,75974.2
466.455,0.723697,1.10313,0.206029,75974.2
466.455,0.723697,1.10313,0.206029,75974.2
466.455,0.723697,1.10313,0.206029,75974.2
466.455,0.723697,1.10313,0.206029,75974.2
466.455,0.723697,1.10313,0.206029,75974.2
466.455,0.723697,1.10313,0.206029,75974.2
466.455,0.723697,1.10313,0.206029,75974.2
466.455,0.723697,1.10313,0.206029,75974.2
466.455,0.723697,1.10313,0.206029,75974.2
466.455,0.723697,1.10313,0.206029,75974.2
466.455,0.723697,1.10313,0.206029,75974.2
466.435,0.723697,1.10313,0.206029,75974.2
466.267,0.723697,1.10313,0.206029,75974.2
564.439,0.723979,1.10486,0.206022,77900.6
466.266,0.723698,1.10313,0.206029,75977.8
466.266,0.723707,1.10316,0.206028,75979.8
466.264,0.723726,1.10314,0.206022,75982.4
466.262,0.723755,1.10321,0.206011,75986.1
466.248,0.724041,1.10389,0.205893,76023.4
466.221,0.724466,1.10446,0.205726,76072.1
466.18,0.725206,1.10607,0.205462,76168.1
466.152,0.726283,1.10766,0.205076,76305.2
466.231,0.727131,1.10818,0.204835,76447.3
466.146,0.726462,1.10777,0.205025,76335.4
466.147,0.726644,1.10829,0.204992,76379.7
466.144,0.726547,1.10801,0.20501,76356
466.15,0.726638,1.10808,0.204988,76397
466.143,0.726567,1.10803,0.205005,76365.3
466.142,0.726595,1.10811,0.204994,76379.6
466.142,0.726618,1.10815,0.204977,76392.3
466.14,0.726655,1.10825,0.204938,76410
466.137,0.726714,1.10836,0.204864,76438.5
466.132,0.726828,1.10865,0.204728,76492.4
466.097,0.727967,1.11149,0.203374,77032.9
466.062,0.729628,1.11544,0.201498,77876
466.08,0.731105,1.11871,0.199973,78684
466.048,0.730212,1.11673,0.200894,78194.3
466.111,0.730822,1.11798,0.200388,78568
466.046,0.730306,1.11692,0.200816,78251.4
466.044,0.730412,1.11717,0.200759,78319.6
466.041,0.730498,1.11731,0.200652,78373.5
466.035,0.730613,1.11756,0.200494,78437.6
466.031,0.730825,1.11805,0.20028,78574.7
466.025,0.730966,1.11834,0.200058,78668.4
466.016,0.731118,1.11878,0.199857,78754.5
466.007,0.731318,1.11935,0.199593,78881.6
465.993,0.731659,1.12035,0.199141,79093.9
466.051,0.732143,1.12217,0.198165,79305.3
465.991,0.731748,1.12069,0.198961,79132.8
465.987,0.731839,1.12108,0.19883,79175.1
465.978,0.731984,1.12172,0.198648,79246
465.969,0.732249,1.12291,0.198299,79367.4
466.134,0.732484,1.12365,0.198017,79385.1
465.969,0.73226,1.12295,0.198285,79368.3
465.968,0.732264,1.12295,0.19829,79350.3
465.963,0.732303,1.123,0.198334,79170.8
465.953,0.732353,1.12304,0.198395,78903.2
466.68,0.732131,1.12099,0.198876,78624.2
465.952,0.73235,1.12301,0.198402,78899.3
465.952,0.732341,1.12294,0.198411,78896.3
465.95,0.732248,1.12227,0.198495,78866.5
465.945,0.732078,1.12102,0.198653,78813.7
465.984,0.731764,1.11855,0.19892,78886.8
465.945,0.732048,1.12078,0.198678,78820.6
465.944,0.732017,1.12054,0.198699,78827.1
465.938,0.731702,1.1181,0.198906,78891.5
465.99,0.731191,1.11399,0.199271,79014.2
465.937,0.731646,1.11764,0.198946,78905.1
465.935,0.731646,1.11749,0.198939,78903.1
465.924,0.731642,1.11592,0.19887,78883.3
465.905,0.732714,1.12062,0.197821,78363.4
465.893,0.733244,1.11966,0.196262,80058.7
465.88,0.733192,1.11793,0.195894,80376.4
465.881,0.733338,1.11911,0.1963,78316.7
465.874,0.733264,1.11851,0.196095,79351.9
465.866,0.733092,1.11816,0.196193,79271.5
465.86,0.733348,1.11968,0.195419,79442.3
465.862,0.733743,1.12156,0.194595,80804.5
465.858,0.733526,1.12052,0.195046,80054.5
465.855,0.733864,1.12299,0.194849,79442.6
465.852,0.73391,1.12346,0.194892,79430.8
465.848,0.73374,1.12245,0.194862,79603
465.844,0.734,1.12518,0.194634,79501
465.838,0.734235,1.12653,0.194313,79692.7
465.827,0.7346,1.12823,0.194068,79600.3
465.806,0.734788,1.12834,0.193789,79896.3
465.767,0.734934,1.12801,0.193754,79779.9
465.592,0.736314,1.12492,0.19343,78693
467.59,0.736327,1.11577,0.1957,74952.4
465.58,0.736318,1.12204,0.194135,77506.8
465.578,0.735974,1.11875,0.193922,78578.8
465.574,0.736014,1.11899,0.193872,78610.2
465.57,0.736239,1.1206,0.193784,78419.1
465.585,0.735959,1.11831,0.193312,79900.5
465.569,0.736188,1.12018,0.193698,78685.7
465.571,0.736223,1.12075,0.193861,78329.8
465.569,0.736198,1.12034,0.193744,78584.7
465.569,0.736178,1.12022,0.193744,78623.9
465.568,0.736184,1.12026,0.193744,78621.6
465.563,0.736241,1.12061,0.193744,78599
465.552,0.736482,1.1217,0.193419,78905.3
465.536,0.736445,1.12077,0.193533,78978.8
465.73,0.731876,1.09254,0.198755,77492.3
465.534,0.736085,1.11851,0.193943,78859.7
465.534,0.73583,1.11669,0.194247,78723.1
465.534,0.735961,1.11763,0.194091,78793.5
465.532,0.735965,1.11759,0.194081,78805.9
465.522,0.736003,1.11726,0.19398,78931
465.503,0.736791,1.12086,0.192869,79628.5
465.481,0.738094,1.1232,0.191122,80725
465.475,0.738779,1.12455,0.190189,81170.5
465.47,0.739305,1.12356,0.189486,81417.1
465.468,0.739266,1.12234,0.189603,81064.3
465.466,0.739085,1.12072,0.189731,80950.6
465.465,0.738941,1.11996,0.189842,80941.8
465.465,0.738926,1.11977,0.189836,80967.3
465.465,0.738966,1.11964,0.189747,80988.7
465.465,0.738964,1.11959,0.189762,80974.9
465.465,0.739007,1.11969,0.189741,80981.7
465.464,0.739045,1.11977,0.189714,80997.5
465.464,0.739051,1.11972,0.189719,80992.3
465.464,0.739032,1.11971,0.189727,80988.1
465.464,0.739002,1.1197,0.189742,80981.7
465.464,0.738979,1.11966,0.189754,80974.8
465.464,0.738982,1.11971,0.189751,80975.6
465.464,0.738993,1.11975,0.189741,80978.5
465.464,0.738999,1.11976,0.189738,80979
465.464,0.738999,1.11974,0.189741,80978
465.464,0.738995,1.11973,0.189745,80977.2
465.464,0.738993,1.11972,0.189747,80977
465.464,0.738993,1.11972,0.189746,80977.4
465.464,0.738993,1.11972,0.189746,80977.6
465.464,0.738993,1.11972,0.189746,80977.6
465.464,0.738993,1.11972,0.189746,80977.6
465.464,0.738993,1.11972,0.189746,80977.6
465.464,0.738993,1.11972,0.189746,80977.6
465.464,0.738993,1.11972,0.189746,80977.6
465.464,0.738993,1.11972,0.189746,80977.6
465.464,0.738993,1.11972,0.189746,80977.6
465.464,0.738993,1.11972,0.189746,80977.6
465.464,0.738993,1.11972,0.189746,80977.5
465.464,0.738993,1.11972,0.189746,80977.5
465.464,0.738993,1.11972,0.189746,80977.5
465.464,0.738993,1.11972,0.189746,80977.5
465.464,0.738993,1.11972,0.189746,80977.5
465.464,0.738993,1.11972,0.189746,80977.4
465.464,0.738993,1.11972,0.189747,80977.4
465.464,0.738992,1.11972,0.189747,80977.3
465.464,0.738992,1.11972,0.189747,80977.3
465.464,0.738992,1.11972,0.189747,80977.2
465.464,0.738992,1.11972,0.189747,80977.1
465.464,0.738991,1.11972,0.189748,80977
465.464,0.738991,1.11972,0.189748,80977
465.464,0.738992,1.11972,0.189748,80977
465.464,0.738992,1.11972,0.189747,80977.3
465.464,0.738993,1.11972,0.189746,80977.6
465.464,0.738993,1.11972,0.189746,80977.6
465.464,0.738993,1.11972,0.189746,80977.6
465.464,0.738993,1.11972,0.189746,80977.6
465.464,0.738993,1.11972,0.189746,80977.6
465.464,0.738993,1.11972,0.189746,80977.5
465.464,0.738993,1.11972,0.189746,80977.5
465.464,0.738993,1.11972,0.189746,80977.5
465.464,0.738992,1.11972,0.189747,80977.2
465.464,0.738992,1.11972,0.189747,80977.2
465.464,0.738993,1.11972,0.189746,80977.3
465.464,0.738993,1.11972,0.189746,80977.3
465.464,0.738993,1.11972,0.189746,80977.5
465.464,0.738993,1.11972,0.189746,80977.6
465.464,0.738993,1.11972,0.189746,80977.6
465.464,0.738993,1.11972,0.189746,80977.6
465.464,0.738993,1.11972,0.189746,80977.6
465.464,0.738993,1.11972,0.189746,80977.6
465.464,0.738993,1.11972,0.189746,80977.6
465.464,0.738993,1.11972,0.189746,80977.6
465.464,0.738993,1.11972,0.189746,80977.6
465.464,0.738993,1.11972,0.189746,80977.6
465.464,0.738993,1.11972,0.189746,80977.6
465.464,0.738993,1.11972,0.189746,80977.6
465.464,0.738993,1.11972,0.189746,80977.6
465.464,0.738993,1.11972,0.189746,80977.6
465.464,0.738993,1.11972,0.189746,80977.6
465.464,0.738993,1.11972,0.189746,80977.6
465.464,0.738993,1.11972,0.189746,80977.6
465.464,0.738993,1.11972,0.189746,80977.6
465.464,0.738993,1.11972,0.189746,80977.6
465.464,0.738993,1.11972,0.189746,80977.6
465.464,0.738993,1.11972,0.189746,80977.6
465.464,0.738993,1.11972,0.189746,80977.6
465.464,0.738993,1.11972,0.189746,80977.6
465.464,0.738993,1.11972,0.189746,80977.6
465.464,0.738993,1.11972,0.189746,80977.6
465.464,0.738993,1.11972,0.189746,80977.6
465.464,0.738993,1.11972,0.189746,80977.6
465.464,0.738993,1.11972,0.189746,80977.6
465.464,0.738993,1.11972,0.189746,80977.6
465.464,0.738993,1.11972,0.189746,80977.6
465.464,0.738993,1.11972,0.189746,80977.6
465.464,0.738993,1.11972,0.189746,80977.6
465.464,0.738993,1.11972,0.189746,80977.6
465.464,0.738993,1.11972,0.189746,80977.6
465.464,0.738993,1.11972,0.189746,80977.6
465.464,0.738993,1.11972,0.189746,80977.6
465.464,0.738993,1.11972,0.189746,80977.6
465.464,0.738993,1.11972,0.189746,80977.6
465.464,0.738993,1.11972,0.189746,80977.6
465.464,0.738993,1.11972,0.189746,80977.6
465.464,0.738993,1.11972,0.189746,80977.6
465.464,0.738993,1.11972,0.189746,80977.6
465.464,0.738993,1.11972,0.189746,80977.6
465.464,0.738993,1.11972,0.189746,80977.6
465.464,0.738993,1.11972,0.189746,80977.6
465.464,0.738993,1.11972,0.189746,80977.6
465.464,0.738993,1.11972,0.189746,80977.6
465.466,0.738992,1.11973,0.189747,80987
465.464,0.738993,1.11972,0.189746,80977.6
465.464,0.738993,1.11972,0.189746,80977.6
465.464,0.738993,1.11972,0.189746,80977.6
465.464,0.738993,1.11972,0.189746,80977.6
465.464,0.738993,1.11972,0.189746,80977.6
465.464,0.738993,1.11972,0.189746,80977.7
465.464,0.738993,1.11972,0.189746,80977.6
465.464,0.738993,1.11972,0.189746,80977.6
465.464,0.738992,1.11972,0.189746,80977.2
465.464,0.738993,1.11972,0.189746,80977.5
465.464,0.738993,1.11971,0.189746,80977.3
465.464,0.738993,1.11972,0.189746,80977.5
465.464,0.738993,1.11972,0.189746,80977.5
465.464,0.738993,1.11972,0.189746,80977.5
465.464,0.738993,1.11972,0.189746,80977.5
465.464,0.738993,1.11972,0.189746,80977.5
465.464,0.738993,1.11972,0.189746,80977.5
465.464,0.738993,1.11972,0.189746,80977.5
465.464,0.738993,1.11972,0.189746,80977.5
465.464,0.738993,1.11972,0.189746,80977.5
465.464,0.738993,1.11972,0.189746,80977.5
465.464,0.738993,1.11972,0.189746,80977.5
465.464,0.738993,1.11972,0.189746,80977.5
465.464,0.738993,1.11972,0.189746,80977.5
465.464,0.738993,1.11972,0.189746,80977.5
465.464,0.738993,1.11972,0.189746,80977.5
465.464,0.738993,1.11972,0.189746,80977.5
465.464,0.738993,1.11972,0.189746,80977.5
465.464,0.738993,1.11972,0.189746,80977.5
465.464,0.738993,1.11972,0.189746,80977.5
465.464,0.738993,1.11972,0.189746,80977.5
465.464,0.738993,1.11972,0.189746,80977.5
465.464,0.738993,1.11972,0.189746,80977.5
465.464,0.738993,1.11972,0.189746,80977.5
465.464,0.738993,1.11972,0.189746,80977.5
465.464,0.738993,1.11972,0.189746,80977.6
465.464,0.738993,1.11972,0.189746,80977.7
465.464,0.738993,1.11971,0.189746,80977.9
465.464,0.738993,1.11972,0.189746,80977.7
465.464,0.738993,1.11972,0.189746,80977.7
465.464,0.738993,1.11972,0.189746,80977.8
465.464,0.738993,1.11971,0.189746,80978
465.464,0.738993,1.11971,0.189746,80978.5
465.464,0.738993,1.11971,0.189746,80979.1
465.464,0.738993,1.11971,0.189746,80978.6
465.464,0.738993,1.11971,0.189746,80978.7
465.464,0.738993,1.11971,0.189746,80979.7
465.464,0.738991,1.1197,0.189747,80981.6
465.464,0.738991,1.1197,0.189748,80982.1
465.464,0.738991,1.11969,0.189748,80982.3
465.464,0.738985,1.11965,0.189755,80984.7
465.464,0.738978,1.11958,0.189776,80993.9
465.464,0.738984,1.11964,0.189757,80985.5
465.464,0.738984,1.11964,0.189757,80984
465.464,0.738985,1.11965,0.189757,80982.5
465.464,0.738992,1.11966,0.189765,80966.6
465.464,0.738988,1.11961,0.189749,81030.1
465.464,0.73899,1.11964,0.189758,80994.7
465.464,0.738987,1.11966,0.189737,81011.1
465.464,0.738989,1.11964,0.189751,81000.2
465.464,0.738996,1.11968,0.189747,80988.6
465.464,0.738993,1.11968,0.189748,80988.9
465.464,0.738988,1.11965,0.189749,80983.5
465.464,0.738991,1.11967,0.189748,80987.1
465.464,0.73899,1.11966,0.189749,80987.7
465.464,0.738989,1.11966,0.18975,80983.8
465.464,0.738989,1.11966,0.18975,80985.6
465.464,0.738989,1.11966,0.18975,80986.2
465.464,0.738988,1.11966,0.18975,80986.2
465.464,0.738988,1.11965,0.189751,80985.9
465.464,0.738987,1.11965,0.189752,80985.6
465.464,0.738984,1.11964,0.189754,80985.5
465.464,0.738962,1.11955,0.189775,80984.9
465.464,0.738956,1.11952,0.189791,80972.3
465.464,0.73895,1.11948,0.189798,80972.8
465.464,0.73892,1.11933,0.189816,80999.7
465.464,0.738934,1.11944,0.189823,80960.2
465.464,0.738929,1.11939,0.189816,80991.1
465.464,0.738939,1.11945,0.189806,80994
465.464,0.738956,1.11955,0.189806,80967.1
465.464,0.738944,1.11948,0.189806,80985.3
465.464,0.738946,1.11947,0.189802,80992.8
465.464,0.738945,1.11947,0.189804,80989
465.464,0.738948,1.11946,0.189798,80996.6
465.464,0.73895,1.11948,0.189798,80993.9
465.464,0.73895,1.11947,0.189799,80991.5
465.464,0.738951,1.11945,0.189795,80995.8
465.464,0.738955,1.11945,0.189791,80993.8
465.464,0.738961,1.11945,0.189782,80995.2
465.464,0.738966,1.11944,0.189769,81010.1
465.464,0.738965,1.11944,0.18977,81008.1
465.464,0.738952,1.11935,0.189787,80988.1
465.464,0.738983,1.11947,0.189757,80984.9
465.465,0.738262,1.11534,0.190579,80608.3
465.464,0.738966,1.11938,0.189776,80976.3
465.464,0.738967,1.11938,0.189776,80976.1
465.464,0.738969,1.11938,0.189773,80973.4
465.464,0.738997,1.11944,0.189751,80947
465.464,0.739029,1.11949,0.189728,80903.6
465.464,0.739047,1.11954,0.189713,80887.6
465.464,0.739062,1.11961,0.189699,80876.4
465.463,0.739066,1.11967,0.189694,80880.1
465.462,0.739051,1.11976,0.189702,80911.3
465.462,0.739024,1.11978,0.189721,80950.6
465.462,0.739002,1.11975,0.189738,80971.5
465.462,0.738999,1.11974,0.189741,80975.2
465.462,0.739,1.11972,0.189745,80978.3
465.462,0.738999,1.11973,0.189742,80976.4
465.462,0.738997,1.11972,0.189742,80975.2
465.462,0.738995,1.11972,0.189744,80977.6
465.462,0.738995,1.11972,0.189744,80978
465.462,0.738995,1.11972,0.189744,80978.2
465.462,0.738995,1.11972,0.189744,80978.2
465.462,0.738995,1.11972,0.189744,80978.2
465.462,0.738995,1.11972,0.189744,80978.2
465.462,0.738995,1.11972,0.189744,80978.2
465.462,0.738995,1.11972,0.189744,80978.2
465.462,0.738995,1.11972,0.189744,80978.2
465.462,0.738995,1.11972,0.189744,80978.2
465.462,0.738995,1.11972,0.189744,80978.2
465.462,0.738995,1.11972,0.189744,80978.2
465.462,0.738995,1.11972,0.189744,80978.2
465.462,0.738995,1.11972,0.189744,80978.2
465.462,0.738995,1.11972,0.189744,80978.2
465.462,0.738995,1.11972,0.189744,80978.2
465.462,0.738995,1.11972,0.189744,80978.2
465.462,0.738995,1.11972,0.189744,80978.2
465.462,0.738995,1.11972,0.189744,80978.2
465.462,0.738995,1.11972,0.189744,80978.2
465.462,0.738995,1.11972,0.189744,80978.2
465.462,0.738995,1.11972,0.189744,80978.2
465.462,0.738995,1.11972,0.189744,80978.2
465.462,0.738995,1.11972,0.189744,80978.2
465.462,0.738995,1.11972,0.189744,80978.2
465.462,0.738995,1.11972,0.189744,80978.2
465.462,0.738995,1.11972,0.189744,80978.2
465.462,0.738995,1.11972,0.189744,80978.2
465.462,0.738995,1.11972,0.189744,80978.2
465.462,0.738995,1.11972,0.189744,80978.2
465.462,0.738995,1.11972,0.189744,80978.2
465.462,0.738995,1.11972,0.189744,80978.2
465.462,0.738995,1.11972,0.189744,80978.2
465.462,0.738995,1.11972,0.189744,80978.2
465.462,0.738995,1.11972,0.189744,80978.2
465.462,0.738995,1.11972,0.189744,80978.2
465.462,0.738995,1.11972,0.189744,80978.2
465.462,0.738995,1.11972,0.189744,80978.2
465.443,0.738995,1.11972,0.189744,80978.3
465.318,0.738995,1.11972,0.189744,80979.1
542.341,0.739028,1.11813,0.189737,79264.1
465.318,0.738995,1.11971,0.189744,80975.9
465.317,0.738984,1.11966,0.189745,80973.3
465.317,0.738959,1.11966,0.189751,80969
465.316,0.73893,1.11958,0.189765,80964.7
465.313,0.73887,1.11948,0.189791,80956.8
465.309,0.738756,1.1192,0.189839,80940.9
465.302,0.738536,1.11873,0.189926,80906.5
465.308,0.738191,1.11824,0.190063,80847.5
465.3,0.738417,1.11856,0.189973,80886.1
465.3,0.738288,1.11814,0.190012,80852.6
465.299,0.738359,1.11837,0.189991,80871.1
465.3,0.738296,1.11831,0.190011,80851.9
465.298,0.73834,1.11835,0.189997,80865.4
465.298,0.738317,1.11826,0.190006,80855
465.297,0.738293,1.11821,0.190024,80844.6
465.297,0.738257,1.11804,0.190054,80830.3
465.295,0.738207,1.11787,0.190106,80811.8
465.293,0.738111,1.11751,0.190203,80776.8
465.289,0.737927,1.11681,0.190386,80709
465.283,0.737601,1.11561,0.190707,80579.8
465.286,0.73713,1.11397,0.191125,80375.1
465.281,0.73742,1.11498,0.190868,80501.1
465.277,0.73723,1.11423,0.19103,80420
465.271,0.736952,1.11312,0.191341,80315.4
465.266,0.736502,1.1112,0.191861,80164.1
465.285,0.736112,1.10961,0.192244,79970.7
465.265,0.736438,1.11094,0.191923,80132.6
465.264,0.736365,1.11066,0.191986,80097.1
465.263,0.736301,1.11039,0.192065,80068.3
465.26,0.736182,1.1099,0.192204,80012.9
465.255,0.735973,1.10903,0.192443,79911.5
465.259,0.735626,1.10735,0.193001,79796.4
465.253,0.735849,1.10843,0.192642,79870.4
465.25,0.735716,1.10776,0.19279,79810.1
465.244,0.73547,1.10652,0.193075,79701
465.213,0.733006,1.09422,0.195936,78622.4
466.136,0.730368,1.08133,0.19908,77577.2
465.212,0.732909,1.09374,0.196052,78583.5
465.21,0.732843,1.09353,0.196097,78589.5
465.206,0.732751,1.09322,0.196162,78604.6
465.178,0.73184,1.09022,0.196813,78755.4
465.157,0.730373,1.08563,0.197868,78997.1
465.246,0.729502,1.08381,0.198551,79166.4
465.154,0.730234,1.08534,0.197976,79024
465.147,0.730096,1.08507,0.198082,79049.1
465.092,0.728709,1.08238,0.199146,79300.1
465.792,0.72613,1.07752,0.2014,79629.4
465.088,0.728517,1.08202,0.199313,79324.6
465.08,0.728284,1.0817,0.19958,79139.7
465.066,0.727911,1.0812,0.200044,78845.8
464.968,0.724168,1.07622,0.204734,75967.3
479.917,0.715207,1.05004,0.213865,72130.4
464.967,0.724102,1.07602,0.204801,75938
464.966,0.724016,1.07572,0.204882,75912
464.95,0.723162,1.0727,0.205689,75652.1
464.932,0.720963,1.06399,0.20765,76076.8
464.915,0.719757,1.06337,0.209107,74924.1
464.906,0.718974,1.06434,0.209678,74801.8
464.902,0.718606,1.06502,0.210054,75604.1
464.9,0.718605,1.06556,0.210229,75089.6
464.899,0.718207,1.06393,0.210794,75012.7
464.896,0.718128,1.0638,0.210952,74963.1
464.892,0.718033,1.06355,0.211059,74938.3
464.886,0.717927,1.06332,0.211138,75282.3
464.882,0.718104,1.06525,0.211365,74766.5
464.878,0.717665,1.06306,0.21171,74880.6
464.872,0.717622,1.06333,0.212065,74373.7
464.863,0.717123,1.06126,0.212383,74593.8
464.845,0.716806,1.06093,0.212707,74387.4
464.764,0.713618,1.05769,0.215974,72355
464.662,0.707897,1.03991,0.220916,71726.2
464.811,0.698529,1.00352,0.228152,72846
464.625,0.704499,1.02651,0.223534,72133.2
464.835,0.703697,1.03269,0.226037,68935.6
464.621,0.7044,1.02725,0.223841,71731.7
464.625,0.70382,1.02431,0.224896,71057.6
464.62,0.704217,1.02632,0.224174,71517.8
464.619,0.703937,1.02519,0.224482,71487.6
464.617,0.704047,1.02555,0.22414,71843
464.615,0.704136,1.0264,0.224205,71467.8
464.612,0.704038,1.02523,0.224105,71807.8
464.605,0.704043,1.02538,0.224156,71747.2
464.571,0.704093,1.02687,0.224664,71143.1
464.506,0.703551,1.02421,0.224721,71726.4
465.067,0.706625,1.03963,0.223008,71219.9
464.499,0.704049,1.02669,0.224442,71644
464.61,0.706447,1.03753,0.221898,72226.9
464.499,0.704204,1.02738,0.224277,71681.4
464.498,0.704192,1.02737,0.224292,71680.5
464.492,0.704068,1.0273,0.22444,71671.1
464.477,0.70363,1.02621,0.224881,71636.5
464.378,0.699221,1.01537,0.229344,71291.3
464.415,0.692465,0.998325,0.235872,71352.4
464.325,0.696175,1.00764,0.232275,71318.9
473.765,0.690275,0.994402,0.256327,51983.2
464.369,0.695551,1.00578,0.234619,69059.9
464.325,0.696115,1.00745,0.2325,71097.9
464.324,0.696076,1.00737,0.232547,71086.8
464.314,0.695686,1.00654,0.233018,70975.9
464.233,0.691773,0.998272,0.237779,69877.1
464.099,0.68397,0.982313,0.247261,67291.9
463.991,0.674402,0.963383,0.26005,63834.3
464.024,0.669425,0.958239,0.268938,60849.9
463.941,0.672179,0.961082,0.263997,62479.5
463.907,0.669588,0.953034,0.267777,61788.8
463.858,0.665628,0.943612,0.272256,61438.9
463.83,0.660913,0.934104,0.277475,61343.8
463.805,0.659022,0.931299,0.279825,61382.7
463.786,0.658197,0.928508,0.280925,61347
463.77,0.658,0.928356,0.281234,61287
463.754,0.655737,0.924497,0.28424,60849.1
463.735,0.653212,0.920525,0.287515,60401.6
463.73,0.648736,0.912852,0.293631,59487.8
463.723,0.64898,0.913593,0.293301,59575.9
463.712,0.649042,0.914038,0.29325,59664.5
463.717,0.647884,0.911351,0.294826,59521.2
463.708,0.648531,0.912852,0.293944,59601.3
463.706,0.648252,0.912542,0.294282,59567.7
463.702,0.648031,0.912335,0.294594,59521.9
463.698,0.647514,0.912071,0.295328,59391.1
463.693,0.646834,0.911168,0.296396,59173.8
463.691,0.644968,0.908362,0.298952,58745.2
463.688,0.645198,0.908862,0.298617,58775.9
463.683,0.645469,0.90962,0.298231,58835.5
463.678,0.645991,0.911322,0.297653,58926
463.675,0.645919,0.911156,0.297668,58957.5
463.673,0.645845,0.911385,0.297758,58918.9
463.67,0.646113,0.912665,0.297494,58966.8
463.668,0.646561,0.914441,0.297019,59053.2
463.667,0.646908,0.915073,0.29655,59157.6
463.666,0.647894,0.917822,0.295365,59310.2
463.665,0.64806,0.917388,0.295129,59389.9
463.664,0.648162,0.918059,0.294983,59400
463.663,0.648232,0.918864,0.294916,59358
463.663,0.648305,0.919274,0.294777,59375.8
463.662,0.648304,0.919299,0.294749,59371.9
463.662,0.648057,0.918513,0.295114,59316.7
463.662,0.64791,0.918033,0.295273,59288.2
463.661,0.647674,0.917434,0.295571,59268.6
463.661,0.647485,0.916969,0.29585,59226.1
463.661,0.647255,0.916347,0.296158,59192.7
463.661,0.647083,0.915911,0.29639,59158.5
463.661,0.646942,0.915601,0.296553,59135.2
463.661,0.646853,0.915382,0.296629,59118.4
463.661,0.646805,0.915332,0.296646,59116
463.66,0.646821,0.915457,0.296584,59116.9
463.66,0.64679,0.915498,0.296585,59117
463.66,0.646745,0.915535,0.296638,59105
463.659,0.646568,0.915305,0.296916,59071.7
463.659,0.646473,0.915094,0.297142,59048.6
463.658,0.646425,0.914912,0.297337,59033.7
463.658,0.646466,0.914926,0.297279,59044.9
463.657,0.6465,0.914924,0.297215,59052.4
463.657,0.646692,0.915186,0.296925,59094.9
463.657,0.646838,0.915472,0.296701,59127.9
463.657,0.646976,0.915743,0.296484,59158.2
463.656,0.64714,0.916089,0.296264,59186.5
463.656,0.647042,0.91589,0.296412,59163.2
463.656,0.64697,0.915754,0.296533,59142.9
463.656,0.64696,0.915733,0.29656,59140.3
463.656,0.64695,0.91571,0.29658,59137
463.656,0.646923,0.915681,0.29662,59133.9
463.656,0.646915,0.91569,0.296634,59129.2
463.656,0.646921,0.915735,0.296615,59133.7
463.656,0.646965,0.915832,0.296556,59137
463.656,0.647004,0.915909,0.296488,59147.1
463.656,0.647035,0.915938,0.296426,59156.6
463.656,0.647041,0.915939,0.296424,59154.2
463.656,0.647011,0.915873,0.296469,59147.5
463.656,0.646965,0.915762,0.296531,59143.6
463.656,0.646961,0.915753,0.296536,59142.5
463.656,0.646965,0.915752,0.296531,59143.8
463.656,0.646973,0.915766,0.296524,59144.2
463.656,0.646981,0.915782,0.296513,59145.6
463.656,0.646987,0.915796,0.296506,59146.2
463.656,0.646991,0.915808,0.2965,59147
463.656,0.646994,0.915819,0.296496,59147.4
463.656,0.646996,0.915829,0.296494,59147.8
463.656,0.646996,0.915835,0.296494,59147.7
463.656,0.646996,0.915837,0.296496,59147.5
463.656,0.646994,0.915833,0.2965,59146.8
463.656,0.646991,0.915823,0.296505,59146.2
463.656,0.646985,0.915802,0.296513,59145.1
463.656,0.646979,0.915769,0.296521,59144.3
463.656,0.646974,0.915744,0.296526,59143.8
463.656,0.64697,0.915729,0.296527,59144
463.656,0.64697,0.915731,0.296525,59144.3
463.656,0.646971,0.91575,0.296522,59144.8
463.656,0.646974,0.915775,0.296519,59144.7
463.656,0.646977,0.915793,0.296518,59144.7
463.656,0.646978,0.915798,0.296518,59144.5
463.656,0.646979,0.915796,0.296516,59144.7
463.656,0.646981,0.915793,0.296514,59144.9
463.656,0.646982,0.915791,0.296512,59145.3
463.656,0.646983,0.915791,0.29651,59145.7
463.656,0.646985,0.915793,0.296508,59146
463.656,0.646986,0.915796,0.296507,59146.2
463.656,0.646987,0.915799,0.296506,59146.3
463.656,0.646988,0.915801,0.296505,59146.4
463.656,0.646988,0.915803,0.296505,59146.5
463.656,0.646988,0.915805,0.296504,59146.5
463.656,0.646988,0.915805,0.296504,59146.5
463.656,0.646988,0.915805,0.296504,59146.5
463.656,0.646988,0.915804,0.296504,59146.4
463.656,0.646988,0.915804,0.296505,59146.4
463.656,0.646988,0.915803,0.296505,59146.4
463.656,0.646988,0.915803,0.296505,59146.4
463.656,0.646988,0.915803,0.296505,59146.4
463.656,0.646988,0.915803,0.296505,59146.4
463.656,0.646988,0.915803,0.296505,59146.4
463.656,0.646988,0.915803,0.296505,59146.4
463.656,0.646988,0.915803,0.296505,59146.4
463.656,0.646988,0.915803,0.296505,59146.4
463.656,0.646988,0.915804,0.296505,59146.4
463.656,0.646988,0.915804,0.296505,59146.4
463.656,0.646988,0.915804,0.296505,59146.4
463.656,0.646988,0.915804,0.296505,59146.4
463.656,0.646988,0.915804,0.296505,59146.4
463.656,0.646988,0.915804,0.296505,59146.4
463.656,0.646988,0.915804,0.296505,59146.4
463.656,0.646988,0.915805,0.296504,59146.4
463.656,0.646988,0.915805,0.296504,59146.5
463.656,0.646988,0.915805,0.296504,59146.4
463.656,0.646988,0.915805,0.296504,59146.5
463.656,0.646989,0.915805,0.296503,59146.6
463.656,0.646989,0.915805,0.296504,59146.6
463.656,0.646988,0.915805,0.296504,59146.6
463.656,0.646988,0.915804,0.296504,59146.5
463.656,0.646988,0.915803,0.296504,59146.4
463.656,0.646987,0.915803,0.296505,59146.3
463.656,0.646987,0.915802,0.296506,59146.3
463.656,0.646987,0.915802,0.296506,59146.3
463.656,0.646987,0.915803,0.296506,59146.2
463.656,0.646987,0.915803,0.296506,59146.2
463.656,0.646987,0.915804,0.296505,59146.3
463.656,0.646987,0.915804,0.296505,59146.3
463.656,0.646988,0.915805,0.296505,59146.3
463.656,0.646987,0.915805,0.296505,59146.3
463.656,0.646987,0.915804,0.296505,59146.3
463.656,0.646988,0.915804,0.296505,59146.3
463.656,0.646988,0.915803,0.296504,59146.4
463.656,0.646988,0.915803,0.296504,59146.5
463.656,0.646988,0.915803,0.296504,59146.5
463.656,0.646988,0.915803,0.296504,59146.5
463.656,0.646988,0.915803,0.296504,59146.5
463.656,0.646988,0.915802,0.296504,59146.5
463.656,0.646988,0.915802,0.296505,59146.5
463.656,0.646988,0.915803,0.296506,59146.5
463.656,0.646987,0.915802,0.296506,59146.5
463.656,0.646986,0.915804,0.29651,59146.3
535.442,0.647081,0.915977,0.296553,59145
463.651,0.647002,0.915843,0.296528,59145.8
463.653,0.646994,0.915828,0.296524,59145.9
770.222,0.647997,0.917367,0.296658,59141.6
463.653,0.646994,0.915828,0.296524,59145.9
463.653,0.646994,0.915828,0.296524,59145.9
463.653,0.646995,0.91583,0.296525,59145.9
463.672,0.647008,0.915854,0.296531,59145.7
463.651,0.647001,0.915841,0.296528,59145.8
463.651,0.647,0.91584,0.296527,59145.8
463.651,0.647001,0.915841,0.296528,59145.8
463.651,0.647,0.91584,0.296527,59145.8
557462,0.601758,0.860909,0.309237,58727.1
463.651,0.647,0.91584,0.296527,59145.8
463.651,0.647,0.91584,0.296527,59145.8
463.651,0.647,0.91584,0.296527,59145.8
463.651,0.647,0.91584,0.296527,59145.8
463.651,0.647,0.91584,0.296527,59145.8
463.651,0.647,0.91584,0.296527,59145.8
463.651,0.647,0.91584,0.296527,59145.8
463.651,0.647001,0.915841,0.296527,59145.8
463.651,0.647003,0.915854,0.296523,59146.1
463.651,0.647005,0.915864,0.29652,59146.2
463.651,0.64702,0.915963,0.296494,59147.5
463.65,0.646991,0.915939,0.296526,59144.3
463.649,0.646916,0.915771,0.29662,59138.5
463.649,0.646729,0.915175,0.296877,59121.9
463.648,0.646654,0.9149,0.29697,59116.9
463.647,0.646528,0.914377,0.297115,59108.2
463.646,0.646317,0.913697,0.29738,59102.1
463.645,0.645977,0.912743,0.297817,59092.2
463.643,0.645962,0.912835,0.297798,59103.9
463.641,0.645465,0.911802,0.298388,59085.4
463.64,0.645186,0.911122,0.298781,59047.9
463.639,0.644474,0.909419,0.299726,58977.8
463.639,0.643663,0.907591,0.300776,58897.1
463.639,0.643637,0.907506,0.300797,58896.4
463.639,0.643599,0.907406,0.300831,58895.8
463.638,0.643633,0.907459,0.300777,58902.2
463.638,0.643616,0.907388,0.300794,58903.2
463.638,0.643605,0.907347,0.300807,58902.8
463.638,0.643595,0.907302,0.30082,58902.2
463.638,0.643584,0.907256,0.300834,58901.4
463.638,0.643575,0.907227,0.300847,58900.2
463.638,0.643573,0.90724,0.300852,58899.2
463.638,0.643574,0.907277,0.300852,58898.2
463.638,0.643573,0.907328,0.300856,58897
463.638,0.643563,0.907378,0.300873,58894.4
463.638,0.643545,0.907447,0.300903,58889.9
463.638,0.643526,0.907544,0.300935,58884.5
463.638,0.64351,0.907594,0.300961,58880.5
463.639,0.643356,0.9081,0.301218,58841.1
463.638,0.643437,0.907827,0.30108,58862.2
463.637,0.643234,0.907705,0.301372,58833.4
463.858,0.641359,0.906711,0.304304,58546.1
463.638,0.642343,0.907204,0.302709,58701.9
463.636,0.643115,0.907635,0.301544,58816.4
463.638,0.642619,0.907353,0.302284,58743.6
463.636,0.642998,0.907567,0.301716,58799.5
463.626,0.642163,0.906978,0.302974,58678.8
5884.76,0.635117,0.902899,0.315822,57485.7
463.626,0.642163,0.906978,0.302974,58678.8
463.626,0.642162,0.906978,0.302974,58678.7
463.626,0.642159,0.906975,0.302979,58678.3
463.625,0.642127,0.906954,0.303029,58673.5
463.616,0.641811,0.906739,0.303524,58626.2
463.616,0.641839,0.906758,0.30348,58630.4
6842.35,0.635899,0.904357,0.314548,57603.9
463.616,0.641839,0.906758,0.30348,58630.4
463.616,0.641839,0.906758,0.30348,58630.4
463.616,0.641839,0.906758,0.303481,58630.4
463.616,0.641836,0.906756,0.303486,58629.9
463.616,0.641837,0.90676,0.303484,58629.9
463.616,0.641847,0.906796,0.303471,58630.6
463.613,0.641949,0.907158,0.303342,58637.1
463.607,0.642116,0.907471,0.303125,58657.1
463.597,0.642189,0.907199,0.303001,58680.8
463.579,0.641881,0.905845,0.303365,58654.9
463.55,0.642329,0.904648,0.302566,58814.5
463.525,0.641079,0.898955,0.303911,58780.4
463.516,0.640155,0.896658,0.305249,58689.4
463.506,0.637691,0.891526,0.308509,58434
463.504,0.636682,0.890203,0.309891,58307.8
463.503,0.63664,0.890101,0.309934,58323.9
463.502,0.636275,0.88924,0.310339,58299.3
463.501,0.636046,0.888887,0.310616,58284.7
463.5,0.635673,0.888051,0.311096,58248.5
463.499,0.635445,0.887458,0.311435,58227.8
463.499,0.635623,0.887611,0.311237,58265.5
463.498,0.635506,0.88712,0.311426,58253.4
463.498,0.635885,0.887816,0.310915,58323.1
463.497,0.635839,0.887746,0.310933,58320.5
463.497,0.635683,0.887571,0.311083,58296.1
463.497,0.635476,0.887214,0.31135,58261.7
463.497,0.635312,0.886907,0.311581,58231
463.497,0.635236,0.88675,0.311695,58218.5
463.497,0.635166,0.886595,0.311811,58202.8
463.497,0.635103,0.886452,0.311915,58189.9
463.497,0.63505,0.886335,0.312013,58175.4
463.497,0.635061,0.886391,0.312013,58171.6
463.497,0.635137,0.886569,0.311897,58183.8
463.496,0.635316,0.886981,0.311623,58214.3
463.496,0.635447,0.887277,0.311422,58240.3
463.496,0.635494,0.887377,0.311346,58249
463.496,0.635493,0.887357,0.311337,58253.5
463.496,0.635475,0.88729,0.311351,58255.9
463.496,0.635451,0.887232,0.311397,58247.6
463.496,0.635413,0.887145,0.311472,58235.1
463.496,0.635414,0.887144,0.31147,58235.9
463.496,0.635416,0.887151,0.311464,58237.2
463.496,0.635415,0.887152,0.311464,58237.6
463.496,0.635414,0.887151,0.311465,58237.5
463.496,0.635413,0.887149,0.311466,58237.4
463.496,0.635413,0.887148,0.311466,58237.4
463.496,0.635414,0.887148,0.311466,58237.5
463.496,0.635415,0.887149,0.311465,58237.6
463.496,0.635415,0.88715,0.311464,58237.7
463.496,0.635416,0.887151,0.311462,58237.8
463.496,0.635418,0.887153,0.311461,58237.9
463.496,0.63542,0.887156,0.311458,58238.1
463.496,0.635423,0.88716,0.311454,58238.4
463.496,0.635427,0.887167,0.311449,58238.9
463.496,0.635434,0.887178,0.31144,58239.6
463.496,0.635446,0.887198,0.311427,58240.9
463.496,0.635454,0.887214,0.311418,58241.9
463.496,0.635459,0.887228,0.311411,58242.6
463.496,0.635462,0.887239,0.31141,58243
463.498,0.635521,0.887393,0.311392,58247.2
463.496,0.635472,0.887271,0.311405,58244.1
463.496,0.635466,0.887255,0.311407,58243.6
463.496,0.635464,0.887267,0.311411,58243.7
463.496,0.635433,0.887212,0.311448,58240.6
463.496,0.635393,0.887136,0.31152,58235.1
463.496,0.635421,0.88719,0.311467,58239.2
463.496,0.635406,0.887159,0.311487,58237.4
463.496,0.635387,0.88711,0.311516,58234.7
463.496,0.635363,0.887046,0.311553,58231.2
463.496,0.635346,0.886993,0.311574,58228.8
463.496,0.635347,0.886983,0.311585,58228.7
463.496,0.635346,0.886985,0.311581,58228.7
463.496,0.635365,0.887034,0.311555,58231.3
463.496,0.635403,0.88713,0.311501,58236.3
463.496,0.635466,0.887274,0.311429,58243
463.496,0.635437,0.887209,0.311461,58240
463.496,0.635457,0.887262,0.311435,58243.5
463.496,0.635468,0.887294,0.311419,58245.6
463.496,0.635475,0.887309,0.311423,58245.7
463.496,0.635448,0.887249,0.311455,58243.2
463.496,0.635387,0.887102,0.311549,58235.6
463.496,0.635319,0.886938,0.311651,58226
463.496,0.635278,0.88684,0.311711,58222.1
463.496,0.635239,0.886741,0.31179,58216.3
463.496,0.635255,0.886782,0.311756,58218.8
463.496,0.635239,0.886746,0.311784,58216.4
463.496,0.635236,0.886741,0.311794,58216.7
463.495,0.635248,0.88677,0.311803,58219.6
463.495,0.635275,0.886847,0.311768,58223.5
463.495,0.635341,0.887015,0.311721,58233
463.495,0.635335,0.887013,0.311714,58234.2
463.495,0.635343,0.887056,0.311713,58236.3
463.494,0.635341,0.88708,0.311771,58237
463.494,0.635304,0.886998,0.311822,58233
463.494,0.635233,0.886847,0.311949,58226.3
463.494,0.635102,0.886546,0.312171,58217.6
463.494,0.635152,0.886661,0.312084,58221
463.493,0.635075,0.886464,0.312176,58217.1
463.493,0.634981,0.886213,0.312311,58205.8
463.493,0.634962,0.886153,0.312327,58202.2
463.493,0.634941,0.886104,0.312412,58197.7
463.492,0.634993,0.886277,0.312477,58197.9
463.492,0.635074,0.886571,0.312571,58205.5
463.492,0.635108,0.886768,0.312853,58208.9
463.492,0.635091,0.88668,0.31273,58207.4
463.491,0.635067,0.886724,0.31298,58206.9
463.49,0.63507,0.886864,0.313269,58210.4
463.489,0.635087,0.887144,0.313762,58216.8
463.488,0.635082,0.887066,0.313624,58215
463.487,0.63534,0.887806,0.313505,58232.4
463.485,0.635481,0.888281,0.313458,58244.2
463.48,0.635712,0.888996,0.313271,58260.8
463.473,0.635929,0.889821,0.313283,58273.5
463.46,0.636069,0.890533,0.313342,58276.3
463.447,0.636264,0.891457,0.313174,58284.7
463.445,0.636274,0.891877,0.313204,58282.1
463.44,0.636236,0.891747,0.313229,58279.5
463.432,0.636161,0.891502,0.313282,58273.8
463.416,0.636145,0.891332,0.31321,58279.4
463.399,0.636044,0.890733,0.313138,58285.4
463.385,0.635893,0.890194,0.313225,58258
463.363,0.635214,0.888819,0.313966,58169
481.846,0.623556,0.868354,0.321462,57287.1
463.63,0.631976,0.882665,0.316827,57828.5
463.342,0.634,0.886438,0.315161,58026.2
463.334,0.63438,0.886073,0.314676,58125.6
463.326,0.634508,0.885632,0.31426,58180.7
463.323,0.634679,0.885733,0.313888,58196.4
463.321,0.63496,0.886292,0.313546,58220.4
463.318,0.635333,0.88706,0.313012,58251.5
463.316,0.635943,0.8885,0.312107,58294.4
463.315,0.636322,0.8895,0.311399,58328.2
463.314,0.636247,0.889357,0.311516,58321.5
463.314,0.636187,0.889239,0.311549,58313.1
463.313,0.636074,0.889041,0.311638,58291.3
463.313,0.636033,0.888972,0.311657,58269.9
463.313,0.636046,0.888996,0.311642,58272.3
463.313,0.636073,0.889043,0.311614,58275.4
463.312,0.63611,0.889109,0.311586,58279.7
463.312,0.636123,0.889133,0.31159,58280.6
463.311,0.636143,0.889189,0.311633,58283
463.31,0.636232,0.889405,0.311669,58300.8
463.309,0.636304,0.889542,0.311586,58315.1
463.308,0.636244,0.889417,0.311625,58309.4
463.305,0.636201,0.889345,0.311696,58310.3
463.504,0.635727,0.88857,0.312408,58319.7
463.302,0.636068,0.889125,0.311908,58313.1
463.301,0.635763,0.888418,0.31239,58261.2
463.299,0.635667,0.888203,0.312594,58252.4
463.299,0.635667,0.888194,0.312633,58254
463.297,0.635684,0.888217,0.312601,58253.3
463.295,0.635698,0.888224,0.312614,58255.4
463.293,0.635714,0.88828,0.312627,58262.2
463.291,0.635614,0.888096,0.312763,58248.1
463.307,0.635321,0.887483,0.313279,58213.1
463.29,0.635536,0.887934,0.3129,58238.7
463.29,0.635522,0.887904,0.312895,58237.7
463.289,0.635453,0.887754,0.312999,58226.3
463.289,0.635556,0.887991,0.312828,58237.9
463.289,0.635598,0.888091,0.312793,58245.4
463.288,0.635678,0.88826,0.312693,58260.1
463.288,0.635652,0.888204,0.312727,58255.2
463.288,0.635681,0.888245,0.312704,58260.6
463.287,0.635689,0.888244,0.312723,58265.6
463.286,0.635654,0.888152,0.31284,58265.7
463.284,0.635554,0.887926,0.3131,58259.6
463.281,0.635328,0.887476,0.313666,58245.1
463.278,0.635115,0.887046,0.314154,58226.3
463.275,0.634539,0.885928,0.31547,58182
463.271,0.634511,0.88588,0.315505,58174.1
463.27,0.634405,0.885779,0.315748,58176.3
463.267,0.634065,0.885137,0.316493,58140.7
463.266,0.633571,0.884203,0.317514,58089.5
463.266,0.633653,0.884351,0.317346,58097.1
463.265,0.633632,0.884318,0.317423,58099.1
463.265,0.633317,0.88372,0.318044,58067.7
463.264,0.633085,0.883274,0.318534,58045.7
463.264,0.632953,0.883007,0.318786,58030.6
463.264,0.632944,0.882999,0.318844,58032.6
463.263,0.632941,0.883029,0.31889,58033.5
463.262,0.633063,0.883295,0.318715,58049.6
463.261,0.633428,0.884067,0.318093,58090.5
463.261,0.633603,0.884401,0.317766,58108.6
463.26,0.633805,0.884733,0.317331,58129.2
463.258,0.633978,0.884874,0.316881,58151.2
463.258,0.633736,0.884352,0.317198,58118.8
463.257,0.633656,0.884213,0.317263,58101
463.255,0.633513,0.884019,0.317549,58076.8
463.254,0.633386,0.883956,0.317952,58059.6
463.253,0.633339,0.883948,0.31808,58058.2
463.252,0.633421,0.884064,0.31801,58074
463.252,0.633414,0.883971,0.31809,58091.6
463.252,0.633511,0.88405,0.31795,58119.3
463.252,0.633473,0.88402,0.318007,58108
463.251,0.633398,0.883838,0.318127,58098.1
463.251,0.633414,0.883812,0.318096,58096.8
463.251,0.633402,0.883793,0.318104,58090.1
463.251,0.633386,0.883813,0.318095,58077.4
463.251,0.633453,0.883947,0.317936,58085.6
463.251,0.63347,0.883983,0.31791,58090.1
463.251,0.63349,0.884048,0.317864,58092.7
463.251,0.63355,0.884172,0.317758,58103.5
463.251,0.633623,0.884318,0.317647,58115.2
463.251,0.633693,0.884452,0.317554,58127.2
463.251,0.633754,0.884571,0.317486,58138.3
463.25,0.633776,0.884598,0.317496,58143.5
463.25,0.633719,0.884458,0.317659,58140
463.25,0.633593,0.884187,0.317926,58126
463.25,0.633643,0.884296,0.317818,58131.7
463.25,0.633537,0.884088,0.317987,58115.8
463.25,0.63335,0.88374,0.318248,58086.8
463.25,0.633127,0.883332,0.31856,58054.5
463.507,0.63051,0.87873,0.321697,57733.1
463.252,0.632648,0.88247,0.319199,57988.7
463.25,0.633062,0.883214,0.31865,58045.3
463.25,0.633113,0.883308,0.318579,58052.6
463.25,0.633124,0.883327,0.318565,58054.1
463.25,0.633126,0.883331,0.318562,58054.4
463.25,0.633106,0.883294,0.318581,58050.6
463.25,0.633157,0.883395,0.318508,58057.4
463.25,0.6332,0.883484,0.31845,58064.2
463.25,0.63327,0.883637,0.318356,58075.4
463.25,0.633334,0.883783,0.318275,58085.7
463.25,0.63338,0.883896,0.318221,58093.5
463.25,0.633361,0.883871,0.318258,58091.5
463.25,0.633317,0.883766,0.318319,58084.6
463.25,0.633223,0.883547,0.318453,58070.3
463.25,0.633175,0.883436,0.318522,58063.5
463.25,0.633169,0.883426,0.318532,58063.1
463.25,0.633182,0.883458,0.318514,58065.4
463.25,0.633195,0.883488,0.318497,58067.3
463.25,0.6332,0.883499,0.318491,58068
463.25,0.633198,0.883496,0.318493,58067.7
463.25,0.633196,0.883492,0.318495,58067.5
463.25,0.633196,0.88349,0.318496,58067.3
463.25,0.633196,0.88349,0.318496,58067.4
463.25,0.633196,0.88349,0.318496,58067.4
463.25,0.633196,0.883491,0.318496,58067.4
463.25,0.633196,0.883491,0.318496,58067.4
463.25,0.633196,0.883491,0.318496,58067.4
463.25,0.633196,0.883491,0.318496,58067.4
463.25,0.633196,0.883491,0.318496,58067.4
463.25,0.633196,0.883491,0.318496,58067.4
463.25,0.633196,0.883491,0.318495,58067.4
463.25,0.633196,0.883491,0.318495,58067.4
463.25,0.633196,0.883491,0.318495,58067.4
463.25,0.633196,0.883491,0.318495,58067.4
463.25,0.633196,0.883491,0.318495,58067.4
463.25,0.633196,0.883491,0.318495,58067.4
463.25,0.633196,0.883491,0.318495,58067.4
463.25,0.633196,0.88349,0.318495,58067.4
463.25,0.633196,0.88349,0.318495,58067.4
463.25,0.633196,0.88349,0.318495,58067.3
463.25,0.633196,0.88349,0.318495,58067.3
463.25,0.633196,0.88349,0.318495,58067.3
463.25,0.633196,0.88349,0.318495,58067.3
463.25,0.633196,0.88349,0.318495,58067.3
463.25,0.633196,0.88349,0.318495,58067.3
463.25,0.633196,0.88349,0.318495,58067.3
463.25,0.633196,0.883491,0.318495,58067.4
463.25,0.633196,0.883491,0.318495,58067.4
463.25,0.633196,0.883491,0.318495,58067.4
463.25,0.633196,0.883491,0.318495,58067.4
463.25,0.633196,0.883491,0.318495,58067.4
463.25,0.633196,0.883491,0.318495,58067.4
463.25,0.633196,0.883491,0.318495,58067.4
463.25,0.633196,0.883491,0.318495,58067.4
463.25,0.633196,0.883491,0.318495,58067.4
463.25,0.633196,0.883491,0.318495,58067.4
463.25,0.633196,0.883491,0.318495,58067.4
463.25,0.633196,0.883491,0.318495,58067.4
463.25,0.633196,0.883491,0.318495,58067.4
463.25,0.633196,0.883491,0.318495,58067.4
463.25,0.633196,0.883491,0.318495,58067.4
463.25,0.633196,0.883491,0.318495,58067.4
463.25,0.633196,0.883491,0.318495,58067.5
463.25,0.633197,0.883491,0.318495,58067.5
463.25,0.633197,0.883492,0.318495,58067.5
463.25,0.633197,0.883492,0.318494,58067.5
463.25,0.633197,0.883493,0.318494,58067.5
463.25,0.633197,0.883493,0.318494,58067.6
463.25,0.633197,0.883493,0.318494,58067.6
463.25,0.633197,0.883492,0.318495,58067.5
463.25,0.633196,0.883491,0.318495,58067.4
463.25,0.633196,0.883491,0.318496,58067.4
463.25,0.633196,0.883491,0.318496,58067.4
463.25,0.633196,0.883491,0.318496,58067.4
463.25,0.633196,0.883491,0.318496,58067.4
463.25,0.633196,0.883491,0.318496,58067.4
463.25,0.633196,0.883491,0.318496,58067.4
463.25,0.633196,0.883491,0.318496,58067.4
463.25,0.633196,0.883491,0.318496,58067.4
463.25,0.633196,0.883491,0.318496,58067.4
463.25,0.633196,0.883491,0.318496,58067.4
463.25,0.633196,0.883491,0.318496,58067.4
463.25,0.633196,0.883491,0.318496,58067.4
463.25,0.633196,0.883491,0.318496,58067.4
463.25,0.633196,0.883491,0.318496,58067.4
463.25,0.633196,0.883491,0.318496,58067.4
463.25,0.633196,0.883491,0.318496,58067.4
463.25,0.633196,0.883491,0.318496,58067.4
463.25,0.633196,0.883491,0.318496,58067.4
463.25,0.633196,0.883491,0.318496,58067.4
463.25,0.633196,0.883491,0.318496,58067.4
463.25,0.633196,0.883491,0.318496,58067.4
463.25,0.633196,0.883491,0.318496,58067.4
463.25,0.633196,0.883491,0.318496,58067.4
463.25,0.633196,0.883491,0.318496,58067.4
463.25,0.633196,0.883491,0.318496,58067.4
463.25,0.633196,0.883491,0.318496,58067.4
463.25,0.633196,0.883491,0.318496,58067.4
463.25,0.633196,0.883491,0.318496,58067.4
463.25,0.633196,0.883491,0.318496,58067.4
463.25,0.633196,0.883491,0.318496,58067.4
463.25,0.633196,0.883491,0.318496,58067.4
463.25,0.633196,0.883491,0.318496,58067.4
463.25,0.633196,0.883491,0.318496,58067.4
463.25,0.633196,0.883491,0.318496,58067.4
463.25,0.633196,0.883491,0.318496,58067.4
463.25,0.633196,0.883491,0.318496,58067.4
463.25,0.633196,0.883491,0.318496,58067.4
463.25,0.633196,0.883491,0.318496,58067.4
464.017,0.633214,0.883592,0.318505,58187.6
463.25,0.633196,0.883491,0.318496,58067.4
463.25,0.633196,0.883491,0.318496,58067.4
463.25,0.633196,0.883491,0.318496,58067.4
463.25,0.633196,0.883491,0.318496,58067.4
467.006,0.633233,0.883496,0.318489,57802.2
463.25,0.633196,0.883491,0.318496,58067.4
463.25,0.633196,0.883491,0.318496,58067.4
463.25,0.633196,0.883491,0.318496,58067.4
463.25,0.633196,0.883491,0.318496,58067.4
463.25,0.633196,0.883491,0.318496,58067.4
463.25,0.633196,0.883491,0.318496,58067.4
463.25,0.633196,0.883491,0.318496,58067.4
463.25,0.633196,0.883491,0.318496,58067.4
463.25,0.633196,0.883491,0.318496,58067.4
463.25,0.633196,0.883491,0.318496,58067.4
463.25,0.633196,0.883491,0.318496,58067.4
463.25,0.633196,0.883491,0.318496,58067.4
463.25,0.633196,0.883491,0.318496,58067.4
463.25,0.633196,0.883491,0.318496,58067.4
463.25,0.633196,0.883491,0.318496,58067.4
463.25,0.633196,0.883491,0.318496,58067.4
463.25,0.633196,0.883491,0.318496,58067.4
463.25,0.633196,0.883491,0.318496,58067.4
463.25,0.633196,0.883491,0.318496,58067.4
463.25,0.633196,0.883491,0.318496,58067.4
463.25,0.633196,0.883491,0.318496,58067.4
463.25,0.633196,0.883491,0.318496,58067.4
463.25,0.633196,0.883491,0.318496,58067.4
463.25,0.633196,0.883491,0.318496,58067.4
463.25,0.633196,0.883491,0.318496,58067.4
463.25,0.633196,0.883491,0.318496,58067.4
463.25,0.633196,0.883491,0.318496,58067.4
463.25,0.633196,0.883491,0.318496,58067.4
463.25,0.633196,0.883491,0.318496,58067.4
463.25,0.633196,0.883491,0.318496,58067.4
463.25,0.633196,0.883491,0.318496,58067.4
463.25,0.633196,0.883491,0.318496,58067.4
463.25,0.633196,0.883491,0.318496,58067.4
463.25,0.633196,0.883491,0.318496,58067.4
463.25,0.633196,0.883491,0.318496,58067.4
463.25,0.633196,0.883491,0.318496,58067.4
463.25,0.633196,0.883491,0.318496,58067.4
604.194,0.633196,0.883491,0.318496,58067.4
604.174,0.633203,0.8835,0.318496,58067.4
603.979,0.633271,0.883595,0.318496,58067.4
602.534,0.633953,0.884546,0.318496,58067.4
600.031,0.635084,0.886169,0.318498,58267.5
595.957,0.636507,0.887437,0.318242,58338.5
588.727,0.638668,0.890568,0.317626,58397.4
577.262,0.643028,0.894972,0.316472,58463.6
574.092,0.651087,0.91166,0.315419,58842.4
575.085,0.653526,0.907237,0.315401,59076.7
572.721,0.652137,0.909735,0.315411,58943.6
573.813,0.652886,0.915783,0.316066,59242.7
572.231,0.652404,0.911892,0.315645,59050.4
571.63,0.652668,0.910647,0.315865,59182.3
570.678,0.652624,0.910434,0.316043,59335.1
568.906,0.652475,0.907636,0.316127,59546.7
565.514,0.652209,0.904731,0.316261,59933
550.04,0.649747,0.878807,0.317608,63936.9
531.662,0.646216,0.840696,0.31698,67863.9
553.766,0.642674,0.823315,0.316702,71983.5
525.376,0.644999,0.834338,0.316887,69223.9
527.572,0.643911,0.826051,0.317438,70689.6
522.688,0.644531,0.830735,0.317122,69846
521.672,0.643952,0.828481,0.317925,70600.6
520.071,0.643704,0.827114,0.318315,70911.4
517.34,0.64311,0.825107,0.3187,71249.3
515.653,0.642102,0.823219,0.319308,71744.6
513.308,0.641283,0.820354,0.319665,72008.2
511.262,0.63991,0.816805,0.321525,72607.6
508.05,0.639578,0.816506,0.323495,73081.8
505.05,0.637416,0.812743,0.324061,72760.6
509.996,0.634263,0.808018,0.322315,71211.1
504.225,0.636548,0.811407,0.32358,72330.6
504.604,0.63655,0.81231,0.324656,71583
503.891,0.636551,0.811769,0.324018,72025.2
503.282,0.636631,0.812528,0.324614,71601.9
502.196,0.636441,0.813519,0.324954,70509.6
501.325,0.63636,0.815883,0.326203,68552.4
500.132,0.636395,0.818025,0.327644,67147.6
500.647,0.636249,0.821011,0.328856,64741
499.826,0.636333,0.819343,0.328183,66065.7
499.334,0.636449,0.821042,0.32914,64916.6
499.491,0.636594,0.823771,0.330393,63397.7
499.093,0.636514,0.822259,0.329699,64233.6
498.796,0.636567,0.823401,0.330252,63404.8
498.993,0.636532,0.824933,0.330798,62189.7
498.707,0.636557,0.823833,0.330406,63058.9
498.605,0.63657,0.824359,0.330694,62652.3
498.479,0.636664,0.825372,0.331335,61895.4
498.21,0.636814,0.826466,0.33212,60971.2
498.893,0.638275,0.837771,0.340056,52460.7
497.45,0.637532,0.831878,0.335955,56673.8
506.253,0.636995,0.836634,0.339205,53524.1
497.345,0.637477,0.832372,0.336301,56328.8
497.229,0.637394,0.83268,0.336571,56170.5
497.074,0.636821,0.830523,0.336402,56995.3
497.106,0.636164,0.827904,0.336166,58126.5
497.003,0.636537,0.829387,0.3363,57482.6
496.891,0.636546,0.829259,0.336095,57869.7
496.744,0.636574,0.830381,0.335848,57981.7
496.7,0.636619,0.832311,0.3354,58011.2
496.622,0.636907,0.834045,0.335224,57761.8
496.51,0.637265,0.83704,0.335129,57149.2
496.36,0.636527,0.836171,0.33573,57809.9
496.116,0.635866,0.837425,0.336336,57745.4
495.86,0.633856,0.837593,0.340144,56987.7
495.689,0.630128,0.832644,0.347332,55612.1
495.644,0.626802,0.825239,0.352213,55582.3
495.592,0.625774,0.822833,0.353536,55619.6
495.509,0.623917,0.818793,0.35582,55696.5
495.406,0.620195,0.809489,0.360833,55505.7
495.222,0.614202,0.793496,0.371581,53518.5
494.983,0.602108,0.760655,0.391865,50871.1
495.025,0.584349,0.713673,0.421515,48947.8
494.863,0.593727,0.738105,0.405697,49948.8
494.713,0.588053,0.725506,0.416408,48357.5
494.544,0.585797,0.722099,0.420275,46996.1
494.283,0.58442,0.719221,0.420531,47893.6
494.03,0.585192,0.725032,0.418881,48390.4
493.846,0.587291,0.732094,0.415521,48391.2
493.54,0.588973,0.736804,0.413967,47376.5
492.964,0.588905,0.735688,0.414459,47382.4
491.941,0.589231,0.734771,0.412433,48324.9
490.206,0.591771,0.740554,0.408883,48434.8
487.449,0.602232,0.769424,0.389598,51112.1
483.557,0.614823,0.804526,0.369643,51515.9
478.404,0.614485,0.78941,0.363003,56386.4
554.989,0.672075,1.00109,0.285417,65627.5
478.205,0.63832,0.869204,0.329542,59957.6
477.244,0.628044,0.83361,0.343717,58379.2
529.516,0.621813,0.850079,0.32735,67944.3
477.316,0.62743,0.834482,0.342161,59209.4
477.204,0.627812,0.833921,0.343131,58690.1
477.124,0.627781,0.833742,0.343136,58727.3
476.344,0.627472,0.831946,0.34319,59100.8
487.831,0.624391,0.814283,0.343723,62969.9
474.585,0.626418,0.825863,0.343371,60392.6
472.107,0.628793,0.826747,0.337692,63349.1
471.255,0.628105,0.827679,0.338106,63098.3
469.942,0.625007,0.821166,0.342599,61321.4
468.606,0.623237,0.821031,0.343721,59895
468.336,0.626242,0.834185,0.339737,58944.1
467.87,0.625834,0.833687,0.340418,58791.7
467.091,0.627014,0.841131,0.338179,58662
466.174,0.628596,0.853127,0.334785,58426.4
465.514,0.628319,0.861819,0.334384,57448
465.119,0.634002,0.88378,0.324474,58521.8
464.864,0.627571,0.863654,0.333566,57355.6
464.51,0.625601,0.855557,0.336076,57120.3
464.069,0.627284,0.861882,0.332243,57357.4
463.883,0.62661,0.861795,0.332781,56669.3
463.791,0.626695,0.862973,0.33251,56476.4
463.699,0.626945,0.864977,0.332203,56442.4
463.619,0.630284,0.876862,0.326286,57671.3
463.578,0.630086,0.876916,0.326675,57548.5
463.541,0.629539,0.875762,0.327425,57169.8
463.515,0.628687,0.872631,0.32799,57313.5
463.481,0.629385,0.874331,0.326822,57626.4
463.445,0.630996,0.879942,0.324396,58018.3
463.413,0.631384,0.881247,0.323539,58285.4
463.377,0.630387,0.87861,0.324778,58128.1
463.354,0.629864,0.878183,0.325279,58025.1
463.342,0.629446,0.877355,0.325822,57936.6
463.327,0.628379,0.874413,0.327404,57748.8
463.317,0.627891,0.874006,0.328173,57448
463.309,0.627542,0.873497,0.328692,57358
463.3,0.627306,0.873982,0.328981,57136.7
463.295,0.626816,0.872731,0.329697,56966
463.292,0.626999,0.873255,0.329164,57160.2
463.288,0.626845,0.872657,0.32931,57143
463.284,0.62694,0.87254,0.329148,57209.6
463.281,0.626708,0.870974,0.329343,57320.7
463.279,0.626999,0.871465,0.328926,57421.9
463.277,0.627461,0.872617,0.328213,57485.1
463.274,0.628172,0.874441,0.327176,57574
463.272,0.628841,0.876316,0.326153,57585.5
463.269,0.629273,0.877447,0.325492,57603.3
463.268,0.629575,0.878034,0.32499,57619.1
463.266,0.629817,0.87831,0.32455,57720.8
463.265,0.63018,0.878599,0.32389,57836.5
463.263,0.630637,0.879081,0.323084,57995.7
463.262,0.631001,0.879679,0.322576,57973.2
463.261,0.631359,0.880551,0.322111,57938.2
463.26,0.631612,0.88121,0.321862,57830.6
463.259,0.631883,0.881939,0.321546,57744.1
463.258,0.63212,0.882349,0.321246,57676
463.257,0.632419,0.88271,0.320713,57709.2
463.256,0.632672,0.882702,0.320145,57816.9
463.255,0.632817,0.882537,0.319673,58003.7
463.254,0.63302,0.882697,0.319182,58121.3
463.253,0.63303,0.882592,0.319046,58201.3
463.253,0.633212,0.88306,0.318724,58211.6
463.252,0.633198,0.88319,0.318759,58166.9
463.252,0.633312,0.883542,0.318603,58146
463.251,0.633303,0.883597,0.318619,58130
463.251,0.63333,0.883635,0.318549,58159.6
463.251,0.633387,0.883711,0.318409,58206.5
463.251,0.633411,0.883779,0.318371,58203.8
463.251,0.633445,0.883888,0.318319,58197.5
463.25,0.633532,0.884094,0.318178,58187.1
463.25,0.633607,0.884326,0.318063,58160.4
463.25,0.633561,0.884184,0.318133,58176.8
463.25,0.633557,0.884199,0.318139,58172.5
463.25,0.633562,0.884227,0.318126,58165.6
463.25,0.633564,0.884287,0.318108,58146.3
463.25,0.633551,0.884298,0.318107,58133.7
463.25,0.633523,0.884279,0.318137,58120.1
463.25,0.633464,0.88418,0.318201,58109.2
463.25,0.633382,0.884021,0.318309,58093.6
463.25,0.633331,0.883882,0.318375,58091.7
463.25,0.633289,0.883752,0.318436,58087
463.25,0.633214,0.883518,0.318539,58083.2
463.25,0.633237,0.883573,0.318505,58084.8
463.25,0.633252,0.883608,0.318475,58084.8
463.25,0.633237,0.883559,0.318481,58084.1
463.25,0.633197,0.883452,0.318521,58082.7
463.25,0.633136,0.883294,0.318586,58081.7
463.25,0.633091,0.883182,0.318636,58080.6
463.25,0.633064,0.883126,0.318663,58078.5
463.25,0.633075,0.883169,0.318645,58074.1
463.25,0.63312,0.883298,0.318584,58067.8
463.25,0.633166,0.88342,0.318523,58062.1
463.25,0.633238,0.883612,0.318427,58053.7
463.25,0.633224,0.883572,0.318441,58056.6
463.25,0.633197,0.883495,0.318465,58061.9
463.25,0.633183,0.883453,0.318475,58065.4
463.25,0.633168,0.883404,0.318486,58069.2
463.25,0.633157,0.883366,0.318495,58072.3
463.25,0.633155,0.883347,0.3185,58072.7
463.25,0.633161,0.883357,0.318498,58071.1
463.25,0.633172,0.883384,0.31849,58068
463.25,0.633185,0.883423,0.318479,58065
463.25,0.633199,0.88347,0.318464,58061.7
463.25,0.63321,0.883515,0.318451,58059.4
463.25,0.633212,0.883537,0.318447,58058.9
463.25,0.633205,0.883533,0.318453,58060
463.25,0.633194,0.883512,0.318467,58062.2
463.25,0.633182,0.883482,0.318483,58065.2
463.25,0.633176,0.883458,0.318493,58068.9
463.25,0.633183,0.88346,0.318488,58071.8
463.25,0.633199,0.883486,0.318469,58073.1
463.25,0.633214,0.883513,0.318452,58073.2
463.25,0.633223,0.883532,0.31844,58072.8
463.25,0.633224,0.883538,0.318438,58071.8
463.25,0.633214,0.883521,0.318452,58069.9
463.25,0.633195,0.883485,0.318482,58067.1
463.25,0.633178,0.883456,0.318509,58064.5
463.25,0.63317,0.883443,0.318525,58062.2
463.25,0.633171,0.883448,0.318529,58060.8
463.25,0.633177,0.883465,0.318522,58060.4
463.25,0.633185,0.883481,0.318511,58061.5
463.25,0.633189,0.883486,0.318504,58063
463.25,0.633188,0.883481,0.318502,58064.7
463.25,0.633184,0.883467,0.318507,58066
463.25,0.633179,0.883452,0.318514,58066.5
463.25,0.633176,0.883444,0.31852,58065.9
463.25,0.633176,0.883445,0.318521,58065.2
463.25,0.633178,0.88345,0.318519,58064.7
463.25,0.633181,0.883457,0.318516,58064.6
463.25,0.633183,0.883465,0.318513,58064.8
463.25,0.633185,0.883469,0.31851,58065.3
463.25,0.633186,0.883471,0.318508,58065.7
463.25,0.633186,0.88347,0.318508,58065.9
463.25,0.633187,0.883471,0.318507,58066
463.25,0.633188,0.883473,0.318506,58066
463.25,0.633189,0.883476,0.318504,58066
463.25,0.633191,0.883479,0.318502,58066.2
463.25,0.633192,0.883482,0.318501,58066.5
463.25,0.633193,0.883483,0.3185,58066.8
463.25,0.633193,0.883483,0.318499,58067.1
463.25,0.633193,0.883483,0.318499,58067.2
463.25,0.633193,0.883484,0.318499,58067.4
463.25,0.633194,0.883485,0.318498,58067.4
463.25,0.633195,0.883487,0.318497,58067.3
463.25,0.633195,0.883488,0.318497,58067.3
463.25,0.633195,0.883488,0.318497,58067.3
463.25,0.633195,0.883488,0.318497,58067.3
463.25,0.633195,0.883488,0.318497,58067.3
463.25,0.633195,0.883488,0.318497,58067.3
463.25,0.633195,0.883488,0.318497,58067.4
463.25,0.633195,0.883489,0.318496,58067.4
463.25,0.633196,0.88349,0.318496,58067.3
463.25,0.633196,0.883491,0.318496,58067.3
463.25,0.633197,0.883492,0.318495,58067.3
463.25,0.633197,0.883493,0.318495,58067.4
463.25,0.633197,0.883493,0.318495,58067.4
463.25,0.633196,0.883492,0.318495,58067.4
463.25,0.633196,0.883491,0.318496,58067.4
463.25,0.633196,0.883491,0.318496,58067.4
463.25,0.633196,0.88349,0.318496,58067.4
463.25,0.633196,0.88349,0.318496,58067.3
463.25,0.633196,0.88349,0.318496,58067.3
463.25,0.633196,0.88349,0.318496,58067.3
463.25,0.633196,0.883491,0.318496,58067.3
463.25,0.633196,0.883491,0.318495,58067.4
463.25,0.633196,0.883491,0.318495,58067.4
463.25,0.633196,0.883491,0.318495,58067.5
463.25,0.633196,0.883491,0.318495,58067.5
463.25,0.633196,0.883491,0.318495,58067.4
463.25,0.633196,0.883491,0.318495,58067.4
463.25,0.633196,0.883491,0.318496,58067.4
463.25,0.633196,0.883491,0.318496,58067.4
463.25,0.633196,0.883491,0.318496,58067.3
463.25,0.633196,0.88349,0.318496,58067.3
463.25,0.633196,0.88349,0.318496,58067.4
463.25,0.633196,0.88349,0.318496,58067.4
463.25,0.633196,0.883491,0.318495,58067.5
463.25,0.633196,0.883491,0.318495,58067.5
463.25,0.633196,0.883491,0.318495,58067.5
463.25,0.633196,0.883491,0.318495,58067.5
463.25,0.633196,0.883491,0.318495,58067.6
463.25,0.633196,0.883491,0.318495,58067.5
463.25,0.633196,0.883491,0.318495,58067.5
463.25,0.633196,0.883491,0.318495,58067.4
463.25,0.633196,0.883491,0.318496,58067.3
463.25,0.633196,0.883491,0.318496,58067.3
463.25,0.633196,0.883491,0.318496,58067.3
463.25,0.633196,0.883491,0.318496,58067.3
463.25,0.633196,0.883491,0.318495,58067.4
463.25,0.633196,0.883491,0.318495,58067.4
463.25,0.633196,0.883491,0.318495,58067.5
463.25,0.633196,0.883491,0.318495,58067.5
463.25,0.633196,0.883491,0.318495,58067.5
463.25,0.633196,0.883491,0.318496,58067.4
463.25,0.633196,0.883491,0.318496,58067.4
463.25,0.633196,0.883491,0.318496,58067.4
463.25,0.633196,0.883491,0.318496,58067.4
463.25,0.633196,0.883491,0.318496,58067.4
463.25,0.633196,0.883491,0.318496,58067.4
463.25,0.633196,0.883491,0.318496,58067.4
463.25,0.633196,0.883491,0.318496,58067.4
463.25,0.633196,0.883491,0.318496,58067.4
463.25,0.633196,0.883491,0.318496,58067.4
463.25,0.633196,0.883491,0.318496,58067.4
463.25,0.633196,0.88349,0.318496,58067.4
463.25,0.633196,0.88349,0.318496,58067.4
463.25,0.633196,0.88349,0.318496,58067.4
463.25,0.633196,0.88349,0.318496,58067.4
463.25,0.633196,0.88349,0.318496,58067.4
463.25,0.633196,0.88349,0.318496,58067.4
463.25,0.633196,0.88349,0.318496,58067.4
463.25,0.633196,0.88349,0.318496,58067.4
463.25,0.633196,0.88349,0.318496,58067.5
463.25,0.633196,0.88349,0.318496,58067.5
463.25,0.633196,0.88349,0.318496,58067.4
463.25,0.633196,0.88349,0.318496,58067.4
463.25,0.633196,0.883491,0.318496,58067.4
463.25,0.633196,0.883491,0.318496,58067.4
463.25,0.633196,0.883491,0.318496,58067.4
463.25,0.633196,0.883491,0.318496,58067.4
463.25,0.633196,0.883491,0.318496,58067.4
463.25,0.633196,0.883491,0.318496,58067.4
463.25,0.633196,0.883491,0.318496,58067.4
463.25,0.633196,0.883491,0.318496,58067.4
463.25,0.633196,0.883491,0.318496,58067.4
463.25,0.633198,0.883494,0.318496,58067.4
463.25,0.633194,0.883488,0.318496,58067.4
463.25,0.633196,0.883491,0.318496,58067.4
463.25,0.633196,0.88349,0.318496,58067.4
463.25,0.633196,0.883491,0.318496,58067.4
463.25,0.633196,0.883491,0.318496,58067.4
463.25,0.633196,0.883491,0.318496,58067.4
463.25,0.633196,0.883491,0.318496,58067.4
463.25,0.633196,0.883491,0.318496,58067.4
463.25,0.633196,0.883491,0.318496,58067.4
463.25,0.633196,0.883491,0.318496,58067.4
463.25,0.633196,0.883491,0.318496,58067.4
463.25,0.633196,0.883491,0.318496,58067.4
463.25,0.633196,0.883491,0.318496,58067.4
463.25,0.633196,0.883491,0.318496,58067.4
463.25,0.633196,0.883491,0.318496,58067.4
463.25,0.633196,0.883491,0.318496,58067.4
463.25,0.633196,0.883491,0.318496,58067.4
463.25,0.633196,0.883491,0.318496,58067.4
463.25,0.633196,0.883491,0.318496,58067.4
463.25,0.633196,0.883491,0.318496,58067.4
463.25,0.633196,0.883491,0.318496,58067.4
463.25,0.633196,0.883491,0.318496,58067.4
463.25,0.633196,0.883491,0.318496,58067.4
463.252,0.633196,0.883491,0.318496,58074.2
463.252,0.633196,0.883491,0.318496,58060.6
463.25,0.633196,0.883491,0.318496,58068.1
463.25,0.633196,0.883491,0.318496,58066.7
463.25,0.633196,0.883491,0.318496,58067.4
463.25,0.633196,0.883491,0.318496,58067.4
463.25,0.633196,0.883491,0.318496,58067.4
463.25,0.633196,0.883491,0.318496,58067.4
463.25,0.633196,0.883491,0.318496,58067.4
463.25,0.633196,0.883491,0.318496,58067.4
463.25,0.633196,0.883491,0.318496,58067.4
463.25,0.633196,0.883491,0.318496,58067.4
463.25,0.633196,0.883491,0.318496,58067.4
463.25,0.633196,0.883491,0.318496,58067.4
463.25,0.633196,0.883491,0.318496,58067.4
463.25,0.633196,0.883491,0.318496,58067.4
463.25,0.633196,0.883491,0.318496,58067.4
463.25,0.633196,0.883491,0.318496,58067.4
463.25,0.633196,0.883491,0.318496,58067.4
463.25,0.633196,0.883491,0.318496,58067.4
463.25,0.633196,0.883486,0.318496,58067.1
463.25,0.633196,0.883495,0.318496,58067.7
463.25,0.633196,0.88349,0.318496,58067.4
463.25,0.633196,0.883491,0.318496,58067.4
463.25,0.633196,0.883486,0.318496,58067.1
463.25,0.633196,0.883495,0.318496,58067.7
463.25,0.633196,0.88349,0.318496,58067.4
463.25,0.633196,0.883491,0.318496,58067.4
463.25,0.633196,0.883486,0.318496,58067.1
463.25,0.633196,0.883495,0.318496,58067.7
463.25,0.633196,0.88349,0.318496,58067.4
463.25,0.633196,0.883491,0.318496,58067.4
463.25,0.633196,0.883486,0.318496,58067.1
463.25,0.633196,0.883495,0.318496,58067.7
463.25,0.633196,0.88349,0.318496,58067.4
463.25,0.633196,0.883491,0.318496,58067.4
463.25,0.633196,0.883486,0.318496,58067.1
463.25,0.633196,0.883495,0.318496,58067.7
463.25,0.633196,0.88349,0.318496,58067.4
463.25,0.633196,0.883491,0.318496,58067.4
463.25,0.633196,0.883486,0.318496,58067.1
463.25,0.633196,0.883495,0.318496,58067.7
463.25,0.633196,0.88349,0.318496,58067.4
463.25,0.633196,0.883491,0.318496,58067.4
463.25,0.633196,0.883486,0.318496,58067.1
463.25,0.633196,0.883495,0.318496,58067.7
463.25,0.633196,0.88349,0.318496,58067.4
463.25,0.633196,0.883491,0.318496,58067.4
463.25,0.633196,0.883486,0.318496,58067.1
463.25,0.633196,0.883495,0.318496,58067.7
463.25,0.633196,0.88349,0.318496,58067.4
463.25,0.633196,0.883491,0.318496,58067.4
463.25,0.633196,0.883486,0.318496,58067.1
463.25,0.633196,0.883495,0.318496,58067.7
463.25,0.633196,0.88349,0.318496,58067.4
463.25,0.633196,0.883491,0.318496,58067.4
463.25,0.633196,0.883486,0.318496,58067.1
463.25,0.633196,0.883495,0.318496,58067.7
463.25,0.633196,0.88349,0.318496,58067.4
463.25,0.633196,0.883491,0.318496,58067.4
463.25,0.633196,0.883486,0.318496,58067.1
463.25,0.633196,0.883495,0.318496,58067.7
463.25,0.633196,0.88349,0.318496,58067.4
463.25,0.633196,0.883491,0.318496,58067.4
463.25,0.633196,0.883486,0.318496,58067.1
463.25,0.633196,0.883495,0.318496,58067.7
463.25,0.633196,0.88349,0.318496,58067.4
463.25,0.633196,0.883491,0.318496,58067.4
463.25,0.633196,0.883486,0.318496,58067.1
463.25,0.633196,0.883495,0.318496,58067.7
463.25,0.633196,0.88349,0.318496,58067.4
463.25,0.633196,0.883491,0.318496,58067.4
463.25,0.633196,0.883486,0.318496,58067.1
463.25,0.633196,0.883495,0.318496,58067.7
463.25,0.633196,0.88349,0.318496,58067.4
463.25,0.633196,0.883491,0.318496,58067.4
463.25,0.633196,0.883486,0.318496,58067.1
463.25,0.633196,0.883495,0.318496,58067.7
463.25,0.633196,0.88349,0.318496,58067.4
463.25,0.633196,0.883491,0.318496,58067.4
463.25,0.633196,0.883486,0.318496,58067.1
463.25,0.633196,0.883495,0.318496,58067.7
463.25,0.633196,0.88349,0.318496,58067.4
463.25,0.633196,0.883491,0.318496,58067.4
463.25,0.633196,0.883486,0.318496,58067.1
463.25,0.633196,0.883495,0.318496,58067.7
463.25,0.633196,0.88349,0.318496,58067.4
463.25,0.633196,0.883491,0.318496,58067.4
463.25,0.633196,0.883486,0.318496,58067.1
463.25,0.633196,0.883495,0.318496,58067.7
463.25,0.633196,0.88349,0.318496,58067.4
463.25,0.633196,0.883491,0.318496,58067.4
463.25,0.633196,0.883486,0.318496,58067.1
463.25,0.633196,0.883495,0.318496,58067.7
463.25,0.633196,0.88349,0.318496,58067.4
463.25,0.633196,0.883491,0.318496,58067.4
463.25,0.633196,0.883486,0.318496,58067.1
463.25,0.633196,0.883495,0.318496,58067.7
463.25,0.633196,0.88349,0.318496,58067.4
463.25,0.633196,0.883491,0.318496,58067.4
463.25,0.633196,0.883486,0.318496,58067.1
463.25,0.633196,0.883495,0.318496,58067.7
463.25,0.633196,0.88349,0.318496,58067.4
463.25,0.633196,0.883491,0.318496,58067.4
463.25,0.633196,0.883486,0.318496,58067.1
463.25,0.633196,0.883495,0.318496,58067.7
463.25,0.633196,0.88349,0.318496,58067.4
463.25,0.633196,0.883491,0.318496,58067.4
463.25,0.633196,0.883486,0.318496,58067.1
463.25,0.633196,0.883495,0.318496,58067.7
463.25,0.633196,0.88349,0.318496,58067.4
463.25,0.633196,0.883491,0.318496,58067.4
463.25,0.633195,0.883487,0.318496,58067.1
463.25,0.633197,0.883494,0.318496,58067.7
463.25,0.633196,0.88349,0.318496,58067.4
463.25,0.633196,0.883491,0.318496,58067.4
463.25,0.633194,0.883488,0.318496,58067.1
463.25,0.633198,0.883493,0.318496,58067.7
463.25,0.633196,0.88349,0.318496,58067.4
463.25,0.633196,0.883491,0.318496,58067.4
463.25,0.633195,0.88349,0.318496,58067.1
463.25,0.633197,0.883491,0.318496,58067.7
463.25,0.633196,0.88349,0.318496,58067.4
463.25,0.633196,0.883491,0.318496,58067.4
463.25,0.633193,0.883509,0.318496,58067.1
463.25,0.6332,0.883472,0.318496,58067.7
463.25,0.633196,0.883492,0.318496,58067.4
463.25,0.633196,0.883489,0.318496,58067.4
463.25,0.633199,0.883565,0.318496,58067.1
463.25,0.633193,0.883416,0.318496,58067.7
463.25,0.633196,0.883498,0.318496,58067.4
463.25,0.633196,0.883483,0.318496,58067.4
463.25,0.633201,0.883515,0.318496,58067.1
463.25,0.633191,0.883466,0.318496,58067.7
463.25,0.633197,0.883493,0.318496,58067.4
463.25,0.633196,0.883488,0.318496,58067.4
463.25,0.633196,0.883486,0.318496,58076.2
463.25,0.633196,0.883495,0.318496,58058.6
463.25,0.633196,0.88349,0.318496,58068.3
463.25,0.633196,0.883491,0.318496,58066.5
463.25,0.633196,0.883491,0.318496,58067.4
463.25,0.633196,0.883491,0.318496,58067.4
463.25,0.633196,0.883491,0.318496,58067.4
463.25,0.633196,0.883491,0.318496,58067.4
463.25,0.633196,0.883491,0.318496,58067.4
463.25,0.633196,0.883491,0.318496,58067.4
463.25,0.633196,0.883491,0.318496,58067.4
463.25,0.633196,0.883491,0.318496,58067.4
463.25,0.633196,0.883491,0.318496,58067.4
463.25,0.633196,0.883491,0.318496,58067.4
463.25,0.633196,0.883491,0.318496,58067.4
463.25,0.633196,0.883491,0.318496,58067.4
463.25,0.633196,0.883491,0.318496,58067.4
463.25,0.633196,0.883491,0.318496,58067.4
463.25,0.633196,0.883491,0.318496,58067.4
463.25,0.633196,0.883491,0.318496,58067.4
463.25,0.633196,0.883491,0.318496,58067.4
463.25,0.633196,0.883491,0.318496,58067.4
463.25,0.633196,0.883491,0.318496,58067.4
463.25,0.633196,0.883491,0.318496,58067.4
463.25,0.633196,0.883491,0.318496,58067.4
463.25,0.633196,0.883491,0.318496,58067.4
463.25,0.633196,0.883491,0.318496,58067.4
463.25,0.633196,0.883491,0.318496,58067.4
463.25,0.633196,0.883491,0.318496,58067.4
463.25,0.633196,0.883491,0.318496,58067.4
463.25,0.633196,0.883491,0.318496,58067.4
463.25,0.633196,0.883491,0.318496,58067.4
463.25,0.633196,0.883491,0.318496,58067.4
463.25,0.633196,0.883491,0.318496,58067.4
463.25,0.633196,0.883491,0.318496,58067.4
463.25,0.633196,0.883491,0.318496,58067.4
463.25,0.633196,0.883491,0.318496,58067.4
463.25,0.633196,0.883491,0.318496,58067.4
463.25,0.633196,0.883491,0.318496,58067.4
463.25,0.633196,0.883491,0.318496,58067.4
463.25,0.633196,0.883491,0.318496,58067.4
463.25,0.633196,0.883491,0.318496,58067.4
463.25,0.633196,0.883491,0.318496,58067.4
463.25,0.633196,0.883491,0.318496,58067.4
463.25,0.633196,0.883491,0.318496,58067.4
463.25,0.633196,0.883491,0.318496,58067.4
463.25,0.633196,0.883491,0.318496,58067.4
463.25,0.633196,0.883491,0.318496,58067.4
463.25,0.633196,0.883491,0.318496,58067.4
463.25,0.633196,0.883491,0.318496,58067.4
463.25,0.633196,0.883491,0.318496,58067.4
463.25,0.633196,0.883491,0.318496,58067.4
463.25,0.633196,0.883491,0.318496,58067.4
463.25,0.633196,0.883491,0.318496,58067.4
463.25,0.633196,0.883491,0.318496,58067.4
463.25,0.633196,0.883491,0.318496,58067.4
463.25,0.633196,0.883491,0.318496,58067.4
463.25,0.633196,0.883491,0.318496,58067.4
463.25,0.633196,0.883491,0.318496,58067.4
463.25,0.633196,0.883491,0.318496,58067.4
463.25,0.633196,0.883491,0.318496,58067.4
463.25,0.633196,0.883491,0.318496,58067.4
463.25,0.633196,0.883491,0.318496,58067.4
463.25,0.633196,0.883491,0.318496,58067.4
463.25,0.633196,0.883491,0.318496,58067.4
463.25,0.633196,0.883491,0.318496,58067.4
463.25,0.633196,0.883491,0.318496,58067.4
463.25,0.633196,0.883491,0.318496,58067.4
463.25,0.633196,0.883491,0.318496,58067.4
463.25,0.633196,0.883491,0.318496,58067.4
463.25,0.633196,0.883491,0.318496,58067.4
463.25,0.633196,0.883491,0.318496,58067.4
463.25,0.633196,0.883491,0.318496,58067.4
463.25,0.633196,0.883491,0.318496,58067.4
463.25,0.633196,0.883491,0.318496,58067.4
463.25,0.633196,0.883491,0.318496,58067.4
463.25,0.633196,0.883491,0.318496,58067.4
463.25,0.633196,0.883491,0.318496,58067.4
463.25,0.633196,0.883491,0.318496,58067.4
463.25,0.633196,0.883491,0.318496,58067.4
463.25,0.633196,0.883491,0.318496,58067.4
463.25,0.633196,0.883491,0.318496,58067.4
463.25,0.633196,0.883491,0.318496,58067.4
463.25,0.633196,0.883491,0.318496,58067.4
463.25,0.633196,0.883491,0.318496,58067.4
463.25,0.633196,0.883491,0.318496,58067.4
463.25,0.633196,0.883491,0.318496,58067.4
463.25,0.633196,0.883491,0.318496,58067.4
463.25,0.633196,0.883491,0.318496,58067.4
463.25,0.633196,0.883491,0.318496,58067.4
463.25,0.633196,0.883491,0.318496,58067.4
463.25,0.633196,0.883491,0.318496,58067.4
463.25,0.633196,0.883491,0.318496,58067.4
463.25,0.633196,0.883491,0.318496,58067.4
463.25,0.633196,0.883491,0.318496,58067.4
463.25,0.633196,0.883491,0.318496,58067.4
463.25,0.633196,0.88349,0.318496,58067.4
463.25,0.633196,0.883491,0.318496,58067.4
463.25,0.633196,0.883491,0.318496,58067.4
463.25,0.633196,0.883491,0.318496,58067.4
463.25,0.633196,0.88349,0.318496,58067.4
463.25,0.633196,0.883491,0.318496,58067.4
463.25,0.633196,0.883491,0.318496,58067.4
463.25,0.633196,0.883491,0.318496,58067.4
463.25,0.633196,0.88349,0.318496,58067.4
463.25,0.633196,0.883491,0.318496,58067.4
463.25,0.633196,0.88349,0.318496,58067.4
463.25,0.633196,0.883491,0.318496,58067.4
463.25,0.633194,0.883488,0.318496,58067.4
463.25,0.633198,0.883493,0.318496,58067.4
463.25,0.633196,0.88349,0.318496,58067.4
463.25,0.633196,0.883491,0.318496,58067.4
463.25,0.633191,0.883484,0.318496,58067.4
463.25,0.633201,0.883497,0.318496,58067.4
463.25,0.633196,0.88349,0.318496,58067.4
463.25,0.633197,0.883491,0.318496,58067.4
463.25,0.633189,0.883481,0.318496,58067.4
463.25,0.633203,0.8835,0.318496,58067.4
463.25,0.633195,0.88349,0.318496,58067.4
463.25,0.633197,0.883492,0.318496,58067.4
463.25,0.633194,0.883488,0.318514,58067.4
463.25,0.633198,0.883493,0.318477,58067.4
463.25,0.633196,0.88349,0.318497,58067.4
463.25,0.633196,0.883491,0.318494,58067.4
463.25,0.633196,0.883491,0.318496,58067.4
463.25,0.633196,0.883491,0.318496,58067.4
463.25,0.633196,0.883491,0.318496,58067.4
463.25,0.633196,0.883491,0.318496,58067.4
463.25,0.633196,0.883491,0.318496,58067.4
463.25,0.633196,0.883491,0.318496,58067.4
463.25,0.633196,0.883491,0.318496,58067.4
463.25,0.633196,0.883491,0.318496,58067.4
463.25,0.633196,0.883491,0.318496,58067.4
463.25,0.633196,0.883491,0.318496,58067.4
463.25,0.633196,0.883491,0.318496,58067.4
463.25,0.633196,0.883491,0.318496,58067.4
463.25,0.633196,0.883491,0.318496,58067.4
463.25,0.633196,0.883491,0.318496,58067.4
463.25,0.633196,0.883491,0.318496,58067.4
463.25,0.633196,0.883491,0.318496,58067.4
463.25,0.633196,0.883491,0.318496,58067.4
463.25,0.633196,0.883491,0.318496,58067.4
463.25,0.633196,0.883491,0.318496,58067.4
463.25,0.633196,0.883491,0.318496,58067.4
463.25,0.633196,0.883491,0.318496,58067.4
